#
# A fatal error has been detected by the Java Runtime Environment:
#
#  EXCEPTION_ACCESS_VIOLATION (0xc0000005) at pc=0x0000000066b24e59, pid=20472, tid=9652
#
# JRE version: OpenJDK Runtime Environment Temurin-21.0.5+11 (21.0.5+11) (build 21.0.5+11-LTS)
# Java VM: OpenJDK 64-Bit Server VM Temurin-21.0.5+11 (21.0.5+11-LTS, mixed mode, sharing, tiered, compressed oops, compressed class ptrs, g1 gc, windows-amd64)
# Problematic frame:
# C  [gdx-box2d64.dll+0x24e59]
#
# No core dump will be written. Minidumps are not enabled by default on client versions of Windows
#
# If you would like to submit a bug report, please visit:
#   https://github.com/adoptium/adoptium-support/issues
# The crash happened outside the Java Virtual Machine in native code.
# See problematic frame for where to report the bug.
#

---------------  S U M M A R Y ------------

Command Line: -Dfile.encoding=UTF-8 -Duser.country=DE -Duser.language=de -Duser.variant braid.main.lwjgl3.Lwjgl3Launcher

Host: AMD Ryzen 5 2600 Six-Core Processor            , 12 cores, 15G,  Windows 11 , 64 bit Build 26100 (10.0.26100.2454)
Time: Sat Jan 18 04:24:42 2025 Mitteleuropäische Zeit elapsed time: 29.425536 seconds (0d 0h 0m 29s)

---------------  T H R E A D  ---------------

Current thread (0x0000029eec3ab610):  JavaThread "main"             [_thread_in_native, id=9652, stack(0x000000bfb5800000,0x000000bfb5900000) (1024K)]

Stack: [0x000000bfb5800000,0x000000bfb5900000],  sp=0x000000bfb58ff148,  free space=1020k
Native frames: (J=compiled Java code, j=interpreted, Vv=VM code, C=native code)
C  [gdx-box2d64.dll+0x24e59]

Java frames: (J=compiled Java code, j=interpreted, Vv=VM code)
J 2021  com.badlogic.gdx.physics.box2d.Fixture.jniGetType(J)I (0 bytes) @ 0x0000029e87be0973 [0x0000029e87be0920+0x0000000000000053]
J 2535 c2 com.badlogic.gdx.physics.box2d.Box2DDebugRenderer.drawShape(Lcom/badlogic/gdx/physics/box2d/Fixture;Lcom/badlogic/gdx/physics/box2d/Transform;Lcom/badlogic/gdx/graphics/Color;)V (297 bytes) @ 0x0000029e87c4fa9c [0x0000029e87c4fa40+0x000000000000005c]
j  com.badlogic.gdx.physics.box2d.Box2DDebugRenderer.renderBody(Lcom/badlogic/gdx/physics/box2d/Body;)V+49
J 2562 c1 com.badlogic.gdx.physics.box2d.Box2DDebugRenderer.renderBodies(Lcom/badlogic/gdx/physics/box2d/World;)V (194 bytes) @ 0x0000029e80511a8c [0x0000029e805115a0+0x00000000000004ec]
J 2781 c1 braid.main.screens.levels.LevelScreen.renderWorld()V (187 bytes) @ 0x0000029e805ab344 [0x0000029e805aaf80+0x00000000000003c4]
J 2688 c1 braid.main.screens.levels.LevelScreen.render(F)V (110 bytes) @ 0x0000029e80569d4c [0x0000029e805697a0+0x00000000000005ac]
J 2273 c1 com.badlogic.gdx.backends.lwjgl3.Lwjgl3Window.update()Z (312 bytes) @ 0x0000029e8045b41c [0x0000029e80459ea0+0x000000000000157c]
j  com.badlogic.gdx.backends.lwjgl3.Lwjgl3Application.loop()V+120
j  com.badlogic.gdx.backends.lwjgl3.Lwjgl3Application.<init>(Lcom/badlogic/gdx/ApplicationListener;Lcom/badlogic/gdx/backends/lwjgl3/Lwjgl3ApplicationConfiguration;)V+269
j  braid.main.lwjgl3.Lwjgl3Launcher.createApplication()Lcom/badlogic/gdx/backends/lwjgl3/Lwjgl3Application;+14
j  braid.main.lwjgl3.Lwjgl3Launcher.main([Ljava/lang/String;)V+7
v  ~StubRoutines::call_stub 0x0000029e8753100d

siginfo: EXCEPTION_ACCESS_VIOLATION (0xc0000005), reading address 0x0000000000000008


Registers:
RAX=0x0000000000000000, RBX=0x0000029ed0a655f0, RCX=0x0000029eec3ab9c8, RDX=0x00000000ffffffff
RSP=0x000000bfb58ff148, RBP=0x000000bfb58ff1b0, RSI=0x0000029ed401e420, RDI=0x0000000711182688
R8 =0x0000029ee04eeb00, R9 =0x00000007111a0488, R10=0x00007fff1b6a4b35, R11=0x0000029e87c4fa60
R12=0x0000000000000000, R13=0x000000bfb58ff258, R14=0x000000bfb58ff2f8, R15=0x0000029eec3ab610
RIP=0x0000000066b24e59, EFLAGS=0x0000000000010246


Register to memory mapping:

RAX=0x0 is null
RBX={method} {0x0000029ed0a655f8} 'drawShape' '(Lcom/badlogic/gdx/physics/box2d/Fixture;Lcom/badlogic/gdx/physics/box2d/Transform;Lcom/badlogic/gdx/graphics/Color;)V' in 'com/badlogic/gdx/physics/box2d/Box2DDebugRenderer'
RCX=0x0000029eec3ab9c8 points into unknown readable memory: 0x0000029efd560760 | 60 07 56 fd 9e 02 00 00
RDX=0x00000000ffffffff is an unknown value
RSP=0x000000bfb58ff148 is pointing into the stack for thread: 0x0000029eec3ab610
RBP=0x000000bfb58ff1b0 is pointing into the stack for thread: 0x0000029eec3ab610
RSI=0x0000029ed401e420 points into unknown readable memory: 0x0000000000000007 | 07 00 00 00 00 00 00 00
RDI=0x0000000711182688 is an oop: com.badlogic.gdx.graphics.Color 
{0x0000000711182688} - klass: 'com/badlogic/gdx/graphics/Color'
 - ---- fields (total size 4 words):
 - public 'r' 'F' @12  0.500000 (0x3f000000)
 - public 'g' 'F' @16  0.500000 (0x3f000000)
 - public 'b' 'F' @20  0.300000 (0x3e99999a)
 - public 'a' 'F' @24  1.000000 (0x3f800000)
R8 =0x0000029ee04eeb00 points into unknown readable memory: 0x0000029ee04eeb60 | 60 eb 4e e0 9e 02 00 00
R9 =0x00000007111a0488 is an oop: com.badlogic.gdx.physics.box2d.Transform 
{0x00000007111a0488} - klass: 'com/badlogic/gdx/physics/box2d/Transform'
 - ---- fields (total size 3 words):
 - public 'vals' '[F' @12  [F{0x00000007111a04a0} (0xe2234094)
 - private 'position' 'Lcom/badlogic/gdx/math/Vector2;' @16  a 'com/badlogic/gdx/math/Vector2'{0x00000007111a04c0} (0xe2234098)
 - private 'orientation' 'Lcom/badlogic/gdx/math/Vector2;' @20  a 'com/badlogic/gdx/math/Vector2'{0x00000007111a04d8} (0xe223409b)
R10=0x00007fff1b6a4b35 jvm.dll
R11=0x0000029e87c4fa60 is at entry_point+32 in (nmethod*)0x0000029e87c4f610
Compiled method (c2) 29469 2535       4       com.badlogic.gdx.physics.box2d.Box2DDebugRenderer::drawShape (297 bytes)
 total in heap  [0x0000029e87c4f610,0x0000029e87c52ef0] = 14560
 relocation     [0x0000029e87c4f770,0x0000029e87c4fa18] = 680
 constants      [0x0000029e87c4fa20,0x0000029e87c4fa40] = 32
 main code      [0x0000029e87c4fa40,0x0000029e87c51af0] = 8368
 stub code      [0x0000029e87c51af0,0x0000029e87c51b80] = 144
 oops           [0x0000029e87c51b80,0x0000029e87c51bb0] = 48
 metadata       [0x0000029e87c51bb0,0x0000029e87c51c98] = 232
 scopes data    [0x0000029e87c51c98,0x0000029e87c52668] = 2512
 scopes pcs     [0x0000029e87c52668,0x0000029e87c52c18] = 1456
 dependencies   [0x0000029e87c52c18,0x0000029e87c52c58] = 64
 handler table  [0x0000029e87c52c58,0x0000029e87c52e38] = 480
 nul chk table  [0x0000029e87c52e38,0x0000029e87c52ef0] = 184
R12=0x0 is null
R13=0x000000bfb58ff258 is pointing into the stack for thread: 0x0000029eec3ab610
R14=0x000000bfb58ff2f8 is pointing into the stack for thread: 0x0000029eec3ab610
R15=0x0000029eec3ab610 is a thread

Top of Stack: (sp=0x000000bfb58ff148)
0x000000bfb58ff148:   0000029e87be0a0a 0000000000000000
0x000000bfb58ff158:   000000bfb58ff1e0 000000bfb58ff1c0
0x000000bfb58ff168:   0000029eec3ab610 00000007111a0610
0x000000bfb58ff178:   0000029eec3abc70 0000029eec3abc80
0x000000bfb58ff188:   0000029eec3abd58 00000000000000d8
0x000000bfb58ff198:   000000bfb58ffa90 0000029eec3ab610
0x000000bfb58ff1a8:   000000070e850ce8 00000007111a0610
0x000000bfb58ff1b8:   0000029e87c4fa9c 0000000000000050
0x000000bfb58ff1c8:   000000bfb58ff1e0 0000029ed401e420
0x000000bfb58ff1d8:   0000029edb5cc7b0 000000bfb58ff240
0x000000bfb58ff1e8:   00000007111a0488 0000000711182640
0x000000bfb58ff1f8:   0000000711182688 0000029ed0a64fd4
0x000000bfb58ff208:   0000000000000003 0000029ed0a66ab8
0x000000bfb58ff218:   0000029ed0aa1d10 000000070e850b48
0x000000bfb58ff228:   0000029ed0a65038 0000000000000000
0x000000bfb58ff238:   000000bfb58ff250 000000bfb58ff2c0
0x000000bfb58ff248:   0000029e87538860 0000029e87538860
0x000000bfb58ff258:   0000000711182688 00000007111a0488
0x000000bfb58ff268:   00000007111a0610 0000000711182640
0x000000bfb58ff278:   000000bfb58ff278 0000029ed0a64e99
0x000000bfb58ff288:   0000000000000007 0000029ed0a66ab8
0x000000bfb58ff298:   0000029ed0aa4c50 000000070e850b48
0x000000bfb58ff2a8:   0000029ed0a64f20 000000bfb58ff258
0x000000bfb58ff2b8:   000000bfb58ff300 000000bfb58ff658
0x000000bfb58ff2c8:   0000029e80511a8c 0000000000000000
0x000000bfb58ff2d8:   00000007111a0610 0000000710e4a428
0x000000bfb58ff2e8:   00000007111a0488 00000007111a03a0
0x000000bfb58ff2f8:   0000000711182640 0000000000000500
0x000000bfb58ff308:   0000000711182810 0000029e87563000
0x000000bfb58ff318:   0000029eec3ab610 0000000000000010
0x000000bfb58ff328:   0000000000000010 0000000000000000
0x000000bfb58ff338:   0000000711182858 0000000711182640 

Instructions: (pc=0x0000000066b24e59)
0x0000000066b24d59:   00 00 48 83 c4 20 5b 41 5c 41 5d 48 ff e0 66 0f
0x0000000066b24d69:   1f 84 00 00 00 00 00 f3 0f 10 44 24 28 f3 41 0f
0x0000000066b24d79:   11 58 20 f3 41 0f 11 40 24 c3 66 66 2e 0f 1f 84
0x0000000066b24d89:   00 00 00 00 00 66 90 41 55 41 54 53 48 83 ec 20
0x0000000066b24d99:   48 8b 01 4c 89 c3 49 89 cc 4d 89 cd 45 31 c0 4c
0x0000000066b24da9:   89 ca ff 90 f0 06 00 00 45 31 c9 4c 89 ea 4c 89
0x0000000066b24db9:   e1 f3 0f 10 43 28 49 89 c0 f3 0f 11 00 f3 0f 10
0x0000000066b24dc9:   43 2c f3 0f 11 40 04 49 8b 04 24 48 8b 80 f8 06
0x0000000066b24dd9:   00 00 48 83 c4 20 5b 41 5c 41 5d 48 ff e0 66 0f
0x0000000066b24de9:   1f 84 00 00 00 00 00 f3 0f 10 44 24 28 f3 41 0f
0x0000000066b24df9:   11 58 28 f3 41 0f 11 40 2c c3 66 66 2e 0f 1f 84
0x0000000066b24e09:   00 00 00 00 00 66 90 41 0f b6 40 30 c3 66 2e 0f
0x0000000066b24e19:   1f 84 00 00 00 00 00 45 84 c9 41 0f 95 40 30 c3
0x0000000066b24e29:   0f 1f 80 00 00 00 00 41 0f b6 40 31 c3 66 2e 0f
0x0000000066b24e39:   1f 84 00 00 00 00 00 45 84 c9 41 0f 95 40 31 c3
0x0000000066b24e49:   90 90 90 90 90 90 90 ba ff ff ff ff 49 8b 40 18
0x0000000066b24e59:   8b 40 08 83 f8 03 0f 47 c2 c3 66 66 2e 0f 1f 84
0x0000000066b24e69:   00 00 00 00 00 66 90 49 8b 40 18 c3 66 66 2e 0f
0x0000000066b24e79:   1f 84 00 00 00 00 00 31 d2 45 84 c9 4c 89 c1 0f
0x0000000066b24e89:   95 c2 e9 90 9d ff ff 41 0f b6 40 3a c3 66 2e 0f
0x0000000066b24e99:   1f 84 00 00 00 00 00 48 83 ec 38 8b 44 24 60 66
0x0000000066b24ea9:   89 44 24 2c 8b 44 24 68 4c 89 c1 48 8d 54 24 2a
0x0000000066b24eb9:   66 44 89 4c 24 2a 66 89 44 24 2e e8 37 9d ff ff
0x0000000066b24ec9:   90 48 83 c4 38 c3 90 41 55 41 54 53 48 83 ec 20
0x0000000066b24ed9:   48 8b 01 49 89 cc 4c 89 c3 4d 89 cd 45 31 c0 4c
0x0000000066b24ee9:   89 ca ff 90 f0 06 00 00 0f b7 53 34 0f b7 4b 36
0x0000000066b24ef9:   45 31 c9 49 89 c0 0f b7 43 38 66 41 89 08 4c 89
0x0000000066b24f09:   e1 66 41 89 40 04 49 8b 04 24 66 41 89 50 02 4c
0x0000000066b24f19:   89 ea 48 8b 80 f8 06 00 00 48 83 c4 20 5b 41 5c
0x0000000066b24f29:   41 5d 48 ff e0 66 90 4c 89 c1 e9 28 9c ff ff 0f
0x0000000066b24f39:   1f 84 00 00 00 00 00 48 83 ec 38 49 8b 48 18 f3
0x0000000066b24f49:   0f 10 44 24 60 49 8b 50 10 48 8b 01 48 83 c2 0c 


Stack slot to memory mapping:

stack at sp + 0 slots: 0x0000029e87be0a0a is at entry_point+234 in (nmethod*)0x0000029e87be0790
Compiled method (n/a) 29474 2021     n 0       com.badlogic.gdx.physics.box2d.Fixture::jniGetType (native)
 total in heap  [0x0000029e87be0790,0x0000029e87be0b50] = 960
 relocation     [0x0000029e87be08f0,0x0000029e87be0920] = 48
 main code      [0x0000029e87be0920,0x0000029e87be0b46] = 550
 stub code      [0x0000029e87be0b46,0x0000029e87be0b48] = 2
 oops           [0x0000029e87be0b48,0x0000029e87be0b50] = 8
stack at sp + 1 slots: 0x0 is null
stack at sp + 2 slots: 0x000000bfb58ff1e0 is pointing into the stack for thread: 0x0000029eec3ab610
stack at sp + 3 slots: 0x000000bfb58ff1c0 is pointing into the stack for thread: 0x0000029eec3ab610
stack at sp + 4 slots: 0x0000029eec3ab610 is a thread
stack at sp + 5 slots: 0x00000007111a0610 is an oop: com.badlogic.gdx.physics.box2d.Fixture 
{0x00000007111a0610} - klass: 'com/badlogic/gdx/physics/box2d/Fixture'
 - ---- fields (total size 6 words):
 - private 'dirtyFilter' 'Z' @12  false (0x00)
 - protected 'addr' 'J' @16  2881391356672 (0x0000029ee04eeb00)
 - private 'body' 'Lcom/badlogic/gdx/physics/box2d/Body;' @24  a 'com/badlogic/gdx/physics/box2d/Body'{0x00000007111a03a0} (0xe2234074)
 - protected 'shape' 'Lcom/badlogic/gdx/physics/box2d/Shape;' @28  a 'com/badlogic/gdx/physics/box2d/PolygonShape'{0x0000000710e4a458} (0xe21c948b)
 - protected 'userData' 'Ljava/lang/Object;' @32  a 'braid/main/tools/UserData'{0x00000007111a2518} (0xe22344a3)
 - private final 'filter' 'Lcom/badlogic/gdx/physics/box2d/Filter;' @36  a 'com/badlogic/gdx/physics/box2d/Filter'{0x00000007111a0640} (0xe22340c8)
 - private final 'tmp' '[S' @40  [S{0x00000007111a0658} (0xe22340cb)
stack at sp + 6 slots: 0x0000029eec3abc70 points into unknown readable memory: 0x0000000000000000 | 00 00 00 00 00 00 00 00
stack at sp + 7 slots: 0x0000029eec3abc80 points into unknown readable memory: 0x0000000711182640 | 40 26 18 11 07 00 00 00


Compiled method (n/a) 29490 2021     n 0       com.badlogic.gdx.physics.box2d.Fixture::jniGetType (native)
 total in heap  [0x0000029e87be0790,0x0000029e87be0b50] = 960
 relocation     [0x0000029e87be08f0,0x0000029e87be0920] = 48
 main code      [0x0000029e87be0920,0x0000029e87be0b46] = 550
 stub code      [0x0000029e87be0b46,0x0000029e87be0b48] = 2
 oops           [0x0000029e87be0b48,0x0000029e87be0b50] = 8

[Constant Pool (empty)]

[MachCode]
[Entry Point]
  # {method} {0x0000029ed0a59ad8} 'jniGetType' '(J)I' in 'com/badlogic/gdx/physics/box2d/Fixture'
  # this:     rdx:rdx   = 'com/badlogic/gdx/physics/box2d/Fixture'
  # parm0:    r8:r8     = long
  #           [sp+0x70]  (sp of caller)
  0x0000029e87be0920: 448b 5208 | 49bb 0000 | 008f 9e02 | 0000 4d03 | d349 3bc2 | 0f84 0600 

  0x0000029e87be0938: ;   {runtime_call ic_miss_stub}
  0x0000029e87be0938: 0000 e941 | de99 ff90 
[Verified Entry Point]
  0x0000029e87be0940: 8984 2400 | 80ff ff55 | 488b ec48 | 83ec 6090 | 4181 7f20 | 0100 0000 

  0x0000029e87be0958: ;   {runtime_call StubRoutines (final stubs)}
  0x0000029e87be0958: 7405 e801 | 4498 ff48 | 8954 2420 | 4883 fa00 | 488d 5424 | 2048 0f44 | 5424 20c5 

  0x0000029e87be0974: ;   {internal_word}
  0x0000029e87be0974: f877 49ba | 7309 be87 | 9e02 0000 | 4d89 97a0 | 0300 0049 | 89a7 9803 

  0x0000029e87be098c: ;   {external_word}
  0x0000029e87be098c: 0000 49ba | 354b 6a1b | ff7f 0000 | 4180 3a00 | 0f84 4a00 | 0000 5241 

  0x0000029e87be09a4: ;   {metadata({method} {0x0000029ed0a59ad8} 'jniGetType' '(J)I' in 'com/badlogic/gdx/physics/box2d/Fixture')}
  0x0000029e87be09a4: 5048 bad0 | 9aa5 d09e | 0200 0049 | 8bcf 4883 | ec20 40f6 | c40f 0f84 | 1900 0000 | 4883 ec08 
  0x0000029e87be09c4: ;   {runtime_call}
  0x0000029e87be09c4: 48b8 5041 | 141b ff7f | 0000 ffd0 | 4883 c408 | e90c 0000 

  0x0000029e87be09d8: ;   {runtime_call}
  0x0000029e87be09d8: 0048 b850 | 4114 1bff | 7f00 00ff | d048 83c4 | 2041 585a | 498d 8fb8 | 0300 0041 | c787 4404 
  0x0000029e87be09f8: 0000 0400 

  0x0000029e87be09fc: ;   {runtime_call}
  0x0000029e87be09fc: 0000 48b8 | 504e b266 | 0000 0000 | ffd0 c5f8 | 7741 c787 | 4404 0000 | 0500 0000 | f083 4424 
  0x0000029e87be0a1c: c000 493b | af48 0400 | 000f 870e | 0000 0041 | 83bf 4004 | 0000 000f | 842b 0000 | 00c5 f877 
  0x0000029e87be0a3c: 4889 45f8 | 498b cf4c | 8be4 4883 | ec20 4883 

  0x0000029e87be0a4c: ;   {runtime_call}
  0x0000029e87be0a4c: e4f0 48b8 | e0cd df1a | ff7f 0000 | ffd0 498b | e44d 33e4 | 488b 45f8 | 41c7 8744 | 0400 0008 
  0x0000029e87be0a6c: 0000 0041 | 83bf c004 | 0000 020f | 849c 0000 

  0x0000029e87be0a7c: ;   {external_word}
  0x0000029e87be0a7c: 0049 ba35 | 4b6a 1bff | 7f00 0041 | 803a 000f | 844c 0000 | 0048 8945 

  0x0000029e87be0a94: ;   {metadata({method} {0x0000029ed0a59ad8} 'jniGetType' '(J)I' in 'com/badlogic/gdx/physics/box2d/Fixture')}
  0x0000029e87be0a94: f848 bad0 | 9aa5 d09e | 0200 0049 | 8bcf 4883 | ec20 40f6 | c40f 0f84 | 1900 0000 | 4883 ec08 
  0x0000029e87be0ab4: ;   {runtime_call}
  0x0000029e87be0ab4: 48b8 5041 | 141b ff7f | 0000 ffd0 | 4883 c408 | e90c 0000 

  0x0000029e87be0ac8: ;   {runtime_call}
  0x0000029e87be0ac8: 0048 b850 | 4114 1bff | 7f00 00ff | d048 83c4 | 2048 8b45 | f849 c787 | 9803 0000 | 0000 0000 
  0x0000029e87be0ae8: 49c7 87a0 | 0300 0000 | 0000 00c5 | f877 498b | 8f28 0400 | 00c7 8100 | 0100 0000 | 0000 00c9 
  0x0000029e87be0b08: 4983 7f08 | 000f 8501 | 0000 00c3 

  0x0000029e87be0b14: ;   {runtime_call StubRoutines (initial stubs)}
  0x0000029e87be0b14: e9e7 0395 | ffc5 f877 | 4889 45f8 | 4c8b e448 | 83ec 2048 

  0x0000029e87be0b28: ;   {runtime_call}
  0x0000029e87be0b28: 83e4 f048 | b830 7914 | 1bff 7f00 | 00ff d049 | 8be4 4d33 | e448 8b45 | f8e9 37ff | ffff f4f4 
[/MachCode]


Compiled method (c2) 29497 2535       4       com.badlogic.gdx.physics.box2d.Box2DDebugRenderer::drawShape (297 bytes)
 total in heap  [0x0000029e87c4f610,0x0000029e87c52ef0] = 14560
 relocation     [0x0000029e87c4f770,0x0000029e87c4fa18] = 680
 constants      [0x0000029e87c4fa20,0x0000029e87c4fa40] = 32
 main code      [0x0000029e87c4fa40,0x0000029e87c51af0] = 8368
 stub code      [0x0000029e87c51af0,0x0000029e87c51b80] = 144
 oops           [0x0000029e87c51b80,0x0000029e87c51bb0] = 48
 metadata       [0x0000029e87c51bb0,0x0000029e87c51c98] = 232
 scopes data    [0x0000029e87c51c98,0x0000029e87c52668] = 2512
 scopes pcs     [0x0000029e87c52668,0x0000029e87c52c18] = 1456
 dependencies   [0x0000029e87c52c18,0x0000029e87c52c58] = 64
 handler table  [0x0000029e87c52c58,0x0000029e87c52e38] = 480
 nul chk table  [0x0000029e87c52e38,0x0000029e87c52ef0] = 184


[Constant Pool]
             Address          hex4                    hex8      
  0x0000029e87c4fa20:   0x3f800000      0x437f00003f800000      
  0x0000029e87c4fa24:   0x437f0000                              
  0x0000029e87c4fa28:   0xf4f4f4f4      0xf4f4f4f4f4f4f4f4      
  0x0000029e87c4fa2c:   0xf4f4f4f4                              
  0x0000029e87c4fa30:   0xf4f4f4f4      0xf4f4f4f4f4f4f4f4      
  0x0000029e87c4fa34:   0xf4f4f4f4                              
  0x0000029e87c4fa38:   0xf4f4f4f4      0xf4f4f4f4f4f4f4f4      
  0x0000029e87c4fa3c:   0xf4f4f4f4                              

[MachCode]
[Entry Point]
  # {method} {0x0000029ed0a655f8} 'drawShape' '(Lcom/badlogic/gdx/physics/box2d/Fixture;Lcom/badlogic/gdx/physics/box2d/Transform;Lcom/badlogic/gdx/graphics/Color;)V' in 'com/badlogic/gdx/physics/box2d/Box2DDebugRenderer'
  # this:     rdx:rdx   = 'com/badlogic/gdx/physics/box2d/Box2DDebugRenderer'
  # parm0:    r8:r8     = 'com/badlogic/gdx/physics/box2d/Fixture'
  # parm1:    r9:r9     = 'com/badlogic/gdx/physics/box2d/Transform'
  # parm2:    rdi:rdi   = 'com/badlogic/gdx/graphics/Color'
  #           [sp+0x90]  (sp of caller)
  0x0000029e87c4fa40: ;   {no_reloc}
  0x0000029e87c4fa40: 448b 5208 | 49bb 0000 | 008f 9e02 | 0000 4d03 | d349 3bc2 

  0x0000029e87c4fa54: ;   {runtime_call ic_miss_stub}
  0x0000029e87c4fa54: 0f85 26ed | 92ff 6690 | 0f1f 4000 
[Verified Entry Point]
  0x0000029e87c4fa60: 8984 2400 | 80ff ff55 | 4881 ec80 | 0000 0090 | 4181 7f20 | 0100 0000 | 0f85 6620 | 0000 4889 
  0x0000029e87c4fa80: 7c24 384c | 894c 2428 | 4889 5424 | 3049 8be8 

  0x0000029e87c4fa90: ; implicit exception: dispatches to 0x0000029e87c5188c
  0x0000029e87c4fa90: 4d8b 4010 

  0x0000029e87c4fa94: ;   {optimized virtual_call}
  0x0000029e87c4fa94: 488b d5e8 

  0x0000029e87c4fa98: ; ImmutableOopMap {rbp=Oop [40]=Oop [48]=Oop [56]=Oop }
                      ;*invokespecial jniGetType {reexecute=0 rethrow=0 return_oop=0}
                      ; - com.badlogic.gdx.physics.box2d.Fixture::getType@5 (line 64)
                      ; - com.badlogic.gdx.physics.box2d.Box2DDebugRenderer::drawShape@1 (line 194)
  0x0000029e87c4fa98: a40e f9ff 

  0x0000029e87c4fa9c: ;   {other}
  0x0000029e87c4fa9c: 0f1f 8400 | 8c04 0000 | 4c8b 4510 | 83f8 020f | 8519 0700 | 0048 8bd5 

  0x0000029e87c4fab4: ;   {optimized virtual_call}
  0x0000029e87c4fab4: 6666 90e8 

  0x0000029e87c4fab8: ; ImmutableOopMap {rbp=Oop [40]=Oop [48]=Oop [56]=Oop }
                      ;*invokespecial jniGetType {reexecute=0 rethrow=0 return_oop=0}
                      ; - com.badlogic.gdx.physics.box2d.Fixture::getType@5 (line 64)
                      ; - com.badlogic.gdx.physics.box2d.Box2DDebugRenderer::drawShape@72 (line 202)
  0x0000029e87c4fab8: 840e f9ff 

  0x0000029e87c4fabc: ;   {other}
  0x0000029e87c4fabc: 0f1f 8400 | ac04 0001 | 83f8 020f | 85cc 0800 | 004c 8b45 | 1048 8bd5 

  0x0000029e87c4fad4: ;   {optimized virtual_call}
  0x0000029e87c4fad4: 6666 90e8 

  0x0000029e87c4fad8: ; ImmutableOopMap {rbp=Oop [40]=Oop [48]=Oop [56]=Oop }
                      ;*invokespecial jniGetType {reexecute=0 rethrow=0 return_oop=0}
                      ; - com.badlogic.gdx.physics.box2d.Fixture::getType@5 (line 64)
                      ; - com.badlogic.gdx.physics.box2d.Box2DDebugRenderer::drawShape@142 (line 212)
  0x0000029e87c4fad8: 640e f9ff 

  0x0000029e87c4fadc: ;   {other}
  0x0000029e87c4fadc: 0f1f 8400 | cc04 0002 | 83f8 020f | 85df 0800 | 0044 3b65 | 1c0f 84f9 | 0800 008b | 6d1c 458b 
  0x0000029e87c4fafc: ;   {metadata('com/badlogic/gdx/physics/box2d/PolygonShape')}
  0x0000029e87c4fafc: 54ec 0841 | 81fa 8017 | 0e01 0f85 | f61c 0000 | 48c1 e503 | 4c8b 4510 

  0x0000029e87c4fb14: ;   {optimized virtual_call}
  0x0000029e87c4fb14: 488b d5e8 

  0x0000029e87c4fb18: ; ImmutableOopMap {rbp=Oop [40]=Oop [48]=Oop [56]=Oop }
                      ;*invokespecial jniGetVertexCount {reexecute=0 rethrow=0 return_oop=0}
                      ; - com.badlogic.gdx.physics.box2d.PolygonShape::getVertexCount@5 (line 109)
                      ; - com.badlogic.gdx.physics.box2d.Box2DDebugRenderer::drawShape@162 (line 214)
  0x0000029e87c4fb18: 243e f9ff 

  0x0000029e87c4fb1c: ;   {other}
  0x0000029e87c4fb1c: 0f1f 8400 | 0c05 0003 | 4863 c848 | ffc9 448b | d885 c00f | 8e7a 0100 | 0048 81f9 | e803 0000 
  0x0000029e87c4fb3c: 0f83 a613 | 0000 4c8b | 4424 284d | 85c0 0f84 | 9d13 0000 | 4533 d24c | 8944 2420 | 4889 6c24 
  0x0000029e87c4fb5c: 4889 4424 | 5048 894c | 2428 eb0b | 0f1f 8400 | 0000 0000 

  0x0000029e87c4fb70: ;   {oop(a 'com/badlogic/gdx/math/Vector2'[1000] {0x000000070e84fb80})}
  0x0000029e87c4fb70: 458b d349 | bb80 fb84 | 0e07 0000 | 0047 8b5c | 9310 4489 | 5c24 4444 | 8954 2440 | 4c8b 5424 
  0x0000029e87c4fb90: 484d 8b42 

  0x0000029e87c4fb94: ;   {oop(a 'java/lang/Class'{0x000000070e631408} = 'com/badlogic/gdx/physics/box2d/PolygonShape')}
  0x0000029e87c4fb94: 1049 ba08 | 1463 0e07 | 0000 0045 | 8b5a 7049 | 8bfb 48c1 | e703 488b | 5424 4844 | 8b4c 2440 
  0x0000029e87c4fbb4: ;   {optimized virtual_call}
  0x0000029e87c4fbb4: 6666 90e8 

  0x0000029e87c4fbb8: ; ImmutableOopMap {[32]=Oop [48]=Oop [56]=Oop [68]=NarrowOop [72]=Oop }
                      ;*invokespecial jniGetVertex {reexecute=0 rethrow=0 return_oop=0}
                      ; - com.badlogic.gdx.physics.box2d.PolygonShape::getVertex@9 (line 123)
                      ; - com.badlogic.gdx.physics.box2d.Box2DDebugRenderer::drawShape@187 (line 216)
  0x0000029e87c4fbb8: 8409 f9ff 

  0x0000029e87c4fbbc: ;   {other}
  0x0000029e87c4fbbc: 0f1f 8400 | ac05 0004 

  0x0000029e87c4fbc4: ;   {oop(a 'java/lang/Class'{0x000000070e631408} = 'com/badlogic/gdx/physics/box2d/PolygonShape')}
  0x0000029e87c4fbc4: 49ba 0814 | 630e 0700 | 0000 458b | 5270 478b | 44d4 0c41 | 83f8 010f | 869b 1000 | 00c4 817a 
  0x0000029e87c4fbe4: 104c d410 | 448b 4424 | 4445 85c0 | 0f84 6e10 | 0000 c481 | 7a11 4cc4 | 0c48 8b4c | 2420 448b 
  0x0000029e87c4fc04: 490c c481 | 7a10 44d4 | 14c4 817a | 1144 c410 

  0x0000029e87c4fc14: ; implicit exception: dispatches to 0x0000029e87c51864
  0x0000029e87c4fc14: 478b 54cc 

  0x0000029e87c4fc18: ;   {oop(a 'com/badlogic/gdx/math/Vector2'[1000] {0x000000070e84fb80})}
  0x0000029e87c4fc18: 0c49 b880 | fb84 0e07 | 0000 0044 | 8b5c 2440 | 438b 6c98 | 1041 83fa | 030f 8681 | 1000 00c4 
  0x0000029e87c4fc38: c17a 1044 | ec0c c4c1 | 7a10 54ec | 10c4 817a | 104c cc14 | c481 7a10 | 64cc 18c4 | 817a 105c 
  0x0000029e87c4fc58: cc10 c5ea | 59f4 c5fa | 59e4 c481 | 7a10 7ccc | 1cc5 da58 | dbc5 fa59 | e7c5 da58 | c1c5 fa58 
  0x0000029e87c4fc78: cec4 c17a | 114c ec10 

  0x0000029e87c4fc80: ;   {external_word}
  0x0000029e87c4fc80: c5c0 5705 | f815 8eff | c5fa 59ca | c5e2 58c1 | c4c1 7a11 | 44ec 0c41 | ffc3 443b | 5c24 500f 
  0x0000029e87c4fca0: 8ccb feff | ff44 8b5c | 2450 488b | 4c24 284c | 8b54 2438 

  0x0000029e87c4fcb4: ; implicit exception: dispatches to 0x0000029e87c518c4
  0x0000029e87c4fcb4: c4c1 7a10 | 5a0c 4c8b | 4424 3045 | 8b48 14c4 | c17a 106a | 10c4 c17a | 107a 18c4 | c17a 1062 
  0x0000029e87c4fcd4: 1447 8b54 | cc28 c481 | 7a11 5cd4 | 0cc4 817a | 117c d418 | c481 7a11 | 64d4 14c4 | 817a 116c 
  0x0000029e87c4fcf4: d410 c5e8 | 57d2 c5f8 | 2ed3 0f87 | 6b12 0000 

  0x0000029e87c4fd04: ;   {section_word}
  0x0000029e87c4fd04: c5f8 2e1d | 14fd ffff | 0f87 9a12 | 0000 c5f8 | 2ed5 0f87 | d012 0000 

  0x0000029e87c4fd1c: ;   {section_word}
  0x0000029e87c4fd1c: c5f8 2e2d | fcfc ffff | 0f87 fe12 | 0000 c5f8 | 2ed4 0f87 | 3413 0000 

  0x0000029e87c4fd34: ;   {section_word}
  0x0000029e87c4fd34: c5f8 2e25 | e4fc ffff | 0f87 6213 | 0000 c5f8 | 2ed7 0f87 | 9813 0000 

  0x0000029e87c4fd4c: ;   {section_word}
  0x0000029e87c4fd4c: c5f8 2e3d | ccfc ffff | 0f87 c613 

  0x0000029e87c4fd58: ;   {oop(a 'com/badlogic/gdx/math/Vector2'[1000] {0x000000070e84fb80})}
  0x0000029e87c4fd58: 0000 48bb | 80fb 840e | 0700 0000 | 8b6b 1041 | 8b58 4085 | db0f 84c8 | 0f00 00c4 | c17a 1044 
  0x0000029e87c4fd78: ec0c c4c1 | 7a11 44dc | 0cc4 c17a | 104c ec10 | c4c1 7a11 | 4cdc 1041 | 8b40 3885 | c00f 84b5 
  0x0000029e87c4fd98: 0f00 00c4 | c17a 1044 | ec10 c4c1 | 7a11 44c4 | 10c4 417a | 1044 ec0c | c441 7a11 

  0x0000029e87c4fdb4: ;   {section_word}
  0x0000029e87c4fdb4: 44c4 0cc5 | e259 0d65 

  0x0000029e87c4fdbc: ;   {section_word}
  0x0000029e87c4fdbc: fcff ffc5 | d259 1d5d 

  0x0000029e87c4fdc4: ;   {section_word}
  0x0000029e87c4fdc4: fcff ffc5 | c259 1555 

  0x0000029e87c4fdcc: ;   {section_word}
  0x0000029e87c4fdcc: fcff ffc5 | da59 2d4d | fcff ffc5 | fa2c d181 | fa00 0000 | 800f 84e9 | 1c00 0043 | 8b7c cc2c 
  0x0000029e87c4fdec: c5fa 2cf5 | 81fe 0000 | 0080 0f84 | c01c 0000 | c5fa 2ceb | 81fd 0000 | 0080 0f84 | 9c1c 0000 
  0x0000029e87c4fe0c: c57a 2cf2 | 4181 fe00 | 0000 800f | 8476 1c00 | 00c1 e610 | 41c1 e618 | 440b f6c1 | e508 440b 
  0x0000029e87c4fe2c: f544 0bf2 | 4181 e6ff | ffff fe41 | 83fb 017f | 53c4 c17a | 1064 dc10 | c4c1 7a10 

  0x0000029e87c4fe48: ;   {oop(a 'com/badlogic/gdx/graphics/glutils/ShapeRenderer$ShapeType'{0x000000070e82a1f8})}
  0x0000029e87c4fe48: 74dc 0c81 | ff3f 54d0 | e10f 8558 | 0200 00ba | 45ff ffff | c5f9 7ef5 | c5fa 1164 | 2420 4489 
  0x0000029e87c4fe68: 4c24 24c5 | 7a11 4424 | 28c5 fa11 | 4424 2c44 | 8954 2434 | 897c 2438 

  0x0000029e87c4fe80: ;   {runtime_call UncommonTrapBlob}
  0x0000029e87c4fe80: 6666 90e8 

  0x0000029e87c4fe84: ; ImmutableOopMap {[36]=NarrowOop [52]=NarrowOop [56]=NarrowOop }
                      ;*if_acmpne {reexecute=1 rethrow=0 return_oop=0}
                      ; - (reexecute) com.badlogic.gdx.graphics.glutils.ShapeRenderer::line@7 (line 268)
                      ; - com.badlogic.gdx.graphics.glutils.ShapeRenderer::line@16 (line 252)
                      ; - com.badlogic.gdx.physics.box2d.Box2DDebugRenderer::drawSolidPolygon@144 (line 265)
                      ; - com.badlogic.gdx.physics.box2d.Box2DDebugRenderer::drawShape@215 (line 219)
  0x0000029e87c4fe84: 7847 93ff 

  0x0000029e87c4fe88: ;   {other}
  0x0000029e87c4fe88: 0f1f 8400 | 7808 0005 | 4881 f9e8 | 0300 000f | 837f 1000 

  0x0000029e87c4fe9c: ;   {oop(a 'com/badlogic/gdx/graphics/glutils/ShapeRenderer$ShapeType'{0x000000070e82a1f8})}
  0x0000029e87c4fe9c: 0081 ff3f | 54d0 e10f | 8473 1000 | 0085 ff0f | 846b 1000 

  0x0000029e87c4feb0: ;   {oop(a 'com/badlogic/gdx/graphics/glutils/ShapeRenderer$ShapeType'{0x000000070e82a218})}
  0x0000029e87c4feb0: 0081 ff43 | 54d0 e10f | 855f 1000 | 0043 0fb6 | 4ccc 1085 | c90f 8551 | 1000 0043 | 8b54 cc14 
  0x0000029e87c4fed0: ; implicit exception: dispatches to 0x0000029e87c50f1c
  0x0000029e87c4fed0: 418b 4cd4 

  0x0000029e87c4fed4: ;   {metadata('com/badlogic/gdx/graphics/glutils/ImmediateModeRenderer20')}
  0x0000029e87c4fed4: 0881 f950 | ca0d 010f | 853b 1000 | 0049 8d0c | d48b 7144 

  0x0000029e87c4fee8: ; implicit exception: dispatches to 0x0000029e87c50f1c
  0x0000029e87c4fee8: 418b 54f4 | 0cc5 f96e | eec5 f96e | d7c4 c179 | 6eda c4c1 | 796e c944 | 895c 2428 | c4c1 f96e 
  0x0000029e87c4ff08: c044 8b51 | 1844 8b49 | 2c44 8b41 | 2443 8d34 | 0043 8d2c | 01c4 c179 | 7eeb 4f8d | 2cdc 41bb 
  0x0000029e87c4ff28: 0100 0000 | c5f9 6ef8 | c441 796e | ca44 894c | 2424 4489 | 4424 2cc5 | 796e c6c5 | 796e dd44 
  0x0000029e87c4ff48: 8b54 2428 | 452b d344 | 8b44 2428 | 4533 c945 | 3bc3 450f | 4cd1 4181 | fae8 0300 | 0041 b9e8 
  0x0000029e87c4ff68: 0300 0045 | 0f47 d145 | 03d3 0f1f | 8000 0000 | 000f 1f80 | 0000 0000 

  0x0000029e87c4ff80: ;   {oop(a 'com/badlogic/gdx/math/Vector2'[1000] {0x000000070e84fb80})}
  0x0000029e87c4ff80: 49b8 80fb | 840e 0700 | 0000 478b | 4c98 10c4 | 817a 1074 | cc0c c441 | 7a10 54dc | 1044 8b41 
  0x0000029e87c4ffa0: 1cc4 417a | 106c dc0c | c579 7ecf | 412b f8c4 | 817a 1064 | cc10 83ff | 020f 8c51 | 0c00 008b 
  0x0000029e87c4ffc0: 7910 8bf7 | 0374 2424 | 3bf2 0f83 | 5b0a 0000 | 4589 74b5 | 103b fa0f | 83b3 0a00 | 00c4 417a 
  0x0000029e87c4ffe0: 116c bd10 | 8d77 023b | f20f 8301 | 0b00 0044 | 8961 148b | c703 4424 | 2c89 4110 | c579 7edd 
  0x0000029e87c50000: 03ef 4863 | f7c4 417a | 1154 b514 | 4589 64b5 | 1841 8d70 | 0189 711c | 3bea 0f83 | 240b 0000 
  0x0000029e87c50020: 4589 74ad | 103b c20f | 835f 0b00 | 00c4 c17a | 1174 8510 | 8d70 023b | f20f 8395 | 0b00 00c4 
  0x0000029e87c50040: c17a 1164 | dc10 c4c1 | 7a11 74dc | 0cc5 797e | c603 f789 | 7110 4c63 | c8c4 817a | 1164 8d14 
  0x0000029e87c50060: 4789 648d | 1841 83c0 | 0244 8941 | 1c41 ffc3 | 453b da0f | 8c07 ffff | ff4d 8b97 

  0x0000029e87c5007c: ; ImmutableOopMap {rcx=Oop rbx=NarrowOop r13=Oop xmm0=Oop xmm1=NarrowOop xmm2=NarrowOop xmm3=NarrowOop xmm5=NarrowOop xmm7=NarrowOop }
                      ;*goto {reexecute=1 rethrow=0 return_oop=0}
                      ; - (reexecute) com.badlogic.gdx.physics.box2d.Box2DDebugRenderer::drawSolidPolygon@104 (line 260)
                      ; - com.badlogic.gdx.physics.box2d.Box2DDebugRenderer::drawShape@215 (line 219)
                      ;   {no_reloc}
  0x0000029e87c5007c: 5004 0000 

  0x0000029e87c50080: ;   {poll}
  0x0000029e87c50080: 4185 0244 | 3b5c 2428 | 0f8c b9fe | ffff c4c1 | 797e fac4 | 817a 1044 | d410 c401 | 7a10 44d4 
  0x0000029e87c500a0: 0cc4 c179 | 7ec9 c4c1 | 797e dac5 | f97e d785 | ff0f 84a9 

  0x0000029e87c500b4: ;   {oop(a 'com/badlogic/gdx/graphics/glutils/ShapeRenderer$ShapeType'{0x000000070e82a218})}
  0x0000029e87c500b4: 1000 0081 | ff43 54d0 | e10f 85d5 | 1000 0043 | 0fb6 6ccc | 1085 ed0f | 85ff 1000 | 0043 8b6c 
  0x0000029e87c500d4: cc14 458b 

  0x0000029e87c500d8: ;   {metadata('com/badlogic/gdx/graphics/glutils/ImmediateModeRenderer20')}
  0x0000029e87c500d8: 44ec 0841 | 81f8 50ca | 0d01 0f85 | cc0d 0000 | 4d8d 2cec | 418b 6d18 | 418b 5d1c | 2beb 83fd 
  0x0000029e87c500f8: 020f 8c05 | 1100 0045 | 8b45 2c41 | 8b75 4445 | 8b5d 1043 | 8d2c 0341 | 8b54 f40c | 3bea 0f83 
  0x0000029e87c50118: 480c 0000 | 498d 0cf4 | 4489 74a9 | 1044 3bda | 0f83 7a0c | 0000 c421 | 7a11 4499 | 1041 8d43 
  0x0000029e87c50138: 023b c20f | 83a7 0c00 | 0045 8965 | 1441 8b7d | 2445 8d14 | 3b45 8955 | 1043 8d2c | 0244 8d43 
  0x0000029e87c50158: 0145 8945 | 1c4d 63db | c4a1 7a11 | 4499 1446 | 8964 9918 | 3bea 0f83 | b40c 0000 | 4489 74a9 
  0x0000029e87c50178: 1044 3bd2 | 0f83 da0c | 0000 c4a1 | 7a11 7491 | 1045 8d42 | 0244 3bc2 | 0f83 f20c | 0000 458d 
  0x0000029e87c50198: 1c3a 4589 | 5d10 83c3 | 0241 895d | 1c4d 63d2 | c4a1 7a11 | 6491 1446 | 8964 9118 | 4881 c480 
  0x0000029e87c501b8: 0000 005d 

  0x0000029e87c501bc: ;   {poll_return}
  0x0000029e87c501bc: 493b a748 | 0400 000f | 87b4 1800 | 00c3 85c0 | 0f85 a611 | 0000 448b | 551c 4585 | d20f 842c 
  0x0000029e87c501dc: 0300 008b | 6d1c 458b 

  0x0000029e87c501e4: ;   {metadata('com/badlogic/gdx/physics/box2d/CircleShape')}
  0x0000029e87c501e4: 54ec 0841 | 81fa 2815 | 0e01 0f85 | 2c16 0000 | 48c1 e503 | 4c8b 4510 | 448b 5d0c | 4d8b cb49 
  0x0000029e87c50204: ;   {oop(a 'java/lang/Class'{0x000000070e850b48} = 'com/badlogic/gdx/physics/box2d/Box2DDebugRenderer')}
  0x0000029e87c50204: c1e1 0349 | ba48 0b85 | 0e07 0000 | 0045 8b92 | 8400 0000 | 4489 5424 | 4048 8bd5 

  0x0000029e87c50220: ;   {optimized virtual_call}
  0x0000029e87c50220: 6666 90e8 

  0x0000029e87c50224: ; ImmutableOopMap {rbp=Oop [40]=Oop [48]=Oop [56]=Oop [64]=NarrowOop }
                      ;*invokespecial jniGetPosition {reexecute=0 rethrow=0 return_oop=0}
                      ; - com.badlogic.gdx.physics.box2d.CircleShape::getPosition@9 (line 52)
                      ; - com.badlogic.gdx.physics.box2d.Box2DDebugRenderer::drawShape@24 (line 196)
  0x0000029e87c50224: 186e f9ff 

  0x0000029e87c50228: ;   {other}
  0x0000029e87c50228: 0f1f 8400 | 180c 0007 | 4c8b cd44 | 8b55 0c47 | 8b5c d40c | 8b6d 1841 | 83fb 010f | 865b 1100 
  0x0000029e87c50248: 00c4 817a | 1054 d410 | 85ed 0f84 | 0a11 0000 | c4c1 7a11 | 54ec 0cc4 | 817a 1044 | d414 c4c1 
  0x0000029e87c50268: 7a11 44ec | 1044 8b54 | 2440 c481 | 7a11 54d4 | 0cc4 817a | 1144 d410 

  0x0000029e87c50280: ;   {oop(a 'java/lang/Class'{0x000000070e850b48} = 'com/badlogic/gdx/physics/box2d/Box2DDebugRenderer')}
  0x0000029e87c50280: 49ba 480b | 850e 0700 | 0000 458b | 9a84 0000 | 004c 8b54 | 2428 418b | 6a0c 458b | 44ec 0c41 
  0x0000029e87c502a0: 83f8 030f | 862b 1100 | 00c4 817a | 104c dc0c | 4c89 5424 | 20c4 817a | 1044 dc10 | 4d8b 4110 
  0x0000029e87c502c0: c4c1 7a10 | 5cec 18c4 | c17a 1054 | ec10 c5fa | 59eb c5f2 | 59db c4c1 | 7a10 74ec | 1cc5 e258 
  0x0000029e87c502e0: d2c5 f259 | dec4 c17a | 104c ec14 | c5e2 58d9 | c5e2 58cd | c481 7a11 

  0x0000029e87c502f8: ;   {external_word}
  0x0000029e87c502f8: 4cdc 10c5 | c857 1d7d | 0f8e ffc5 | e259 c0c5 | ea58 c8c4 | 817a 114c | dc0c 4489 | 5c24 4049 
  0x0000029e87c50318: ;   {optimized virtual_call}
  0x0000029e87c50318: 8bd1 90e8 

  0x0000029e87c5031c: ; ImmutableOopMap {[32]=Oop [48]=Oop [56]=Oop [64]=NarrowOop }
                      ;*invokespecial jniGetRadius {reexecute=0 rethrow=0 return_oop=0}
                      ; - com.badlogic.gdx.physics.box2d.Shape::getRadius@5 (line 47)
                      ; - com.badlogic.gdx.physics.box2d.Box2DDebugRenderer::drawShape@45 (line 198)
  0x0000029e87c5031c: 2071 f9ff 

  0x0000029e87c50320: ;   {other}
  0x0000029e87c50320: 0f1f 8400 | 100d 0008 | 4c8b 5c24 | 2045 8b4b | 0c47 8b54 

  0x0000029e87c50334: ;   {oop(a 'java/lang/Class'{0x000000070e850b48} = 'com/badlogic/gdx/physics/box2d/Box2DDebugRenderer')}
  0x0000029e87c50334: cc0c 49b8 | 480b 850e | 0700 0000 | 418b a888 | 0000 0041 | 83fa 030f | 86b3 1000 | 00c4 817a 
  0x0000029e87c50354: 1054 cc1c | c481 7a10 | 4ccc 18c4 | c17a 114c | ec0c c4c1 | 7a11 54ec | 1044 8b54 | 2440 4d8b 
  0x0000029e87c50374: c249 c1e0 | 034d 8d0c | ec48 8b54 | 2430 488b 

  0x0000029e87c50384: ;   {optimized virtual_call}
  0x0000029e87c50384: 7c24 38e8 

  0x0000029e87c50388: ; ImmutableOopMap {}
                      ;*invokespecial drawSolidCircle {reexecute=0 rethrow=0 return_oop=0}
                      ; - com.badlogic.gdx.physics.box2d.Box2DDebugRenderer::drawShape@67 (line 198)
  0x0000029e87c50388: b466 faff 

  0x0000029e87c5038c: ;   {other}
  0x0000029e87c5038c: 0f1f 8400 | 7c0d 0009 | e91b feff | ff85 c00f | 842c f7ff | ffba 45ff | ffff 4c8b | 5424 304c 
  0x0000029e87c503ac: 8954 2420 | 4c8b 5424 | 384c 8954 | 2430 8944 

  0x0000029e87c503bc: ;   {runtime_call UncommonTrapBlob}
  0x0000029e87c503bc: 2438 90e8 

  0x0000029e87c503c0: ; ImmutableOopMap {rbp=Oop [32]=Oop [40]=Oop [48]=Oop }
                      ;*tableswitch {reexecute=1 rethrow=0 return_oop=0}
                      ; - (reexecute) com.badlogic.gdx.physics.box2d.Fixture::getType@10 (line 65)
                      ; - com.badlogic.gdx.physics.box2d.Box2DDebugRenderer::drawShape@72 (line 202)
  0x0000029e87c503c0: 3c42 93ff 

  0x0000029e87c503c4: ;   {other}
  0x0000029e87c503c4: 0f1f 8400 | b40d 000a | 85c0 0f85 | 6410 0000 | ba45 ffff | ff4c 8b54 | 2430 4c89 

  0x0000029e87c503e0: ;   {runtime_call UncommonTrapBlob}
  0x0000029e87c503e0: 5424 20e8 

  0x0000029e87c503e4: ; ImmutableOopMap {rbp=Oop [32]=Oop [40]=Oop [56]=Oop }
                      ;*if_acmpne {reexecute=1 rethrow=0 return_oop=0}
                      ; - (reexecute) com.badlogic.gdx.physics.box2d.Box2DDebugRenderer::drawShape@148 (line 212)
  0x0000029e87c503e4: 1842 93ff 

  0x0000029e87c503e8: ;   {other}
  0x0000029e87c503e8: 0f1f 8400 | d80d 000b | 4c8b 4510 

  0x0000029e87c503f4: ;   {optimized virtual_call}
  0x0000029e87c503f4: 488b d5e8 

  0x0000029e87c503f8: ; ImmutableOopMap {rbp=Oop [40]=Oop [48]=Oop [56]=Oop }
                      ;*invokespecial jniGetShape {reexecute=0 rethrow=0 return_oop=0}
                      ; - com.badlogic.gdx.physics.box2d.Fixture::getShape@12 (line 96)
                      ; - com.badlogic.gdx.physics.box2d.Box2DDebugRenderer::drawShape@152 (line 213)
  0x0000029e87c503f8: 84e6 92ff 

  0x0000029e87c503fc: ;   {other}
  0x0000029e87c503fc: 0f1f 8400 | ec0d 000c | 4889 4424 | 5848 85c0 | 0f84 a812 | 0000 488b 

  0x0000029e87c50414: ;   {static_call}
  0x0000029e87c50414: d066 90e8 

  0x0000029e87c50418: ; ImmutableOopMap {rbp=Oop [40]=Oop [48]=Oop [56]=Oop }
                      ;*invokestatic jniGetType {reexecute=0 rethrow=0 return_oop=0}
                      ; - com.badlogic.gdx.physics.box2d.Fixture::getShape@33 (line 98)
                      ; - com.badlogic.gdx.physics.box2d.Box2DDebugRenderer::drawShape@152 (line 213)
  0x0000029e87c50418: 64ec 92ff 

  0x0000029e87c5041c: ;   {other}
  0x0000029e87c5041c: 0f1f 8400 | 0c0e 000d | 83f8 020f | 85f6 0100 | 0049 8b9f | b801 0000 | 4c8b d349 | 83c2 184d 
  0x0000029e87c5043c: 3b97 c801 | 0000 0f83 | f00d 0000 | 4d89 97b8 | 0100 0041 | 0f18 8200 | 0100 0048 | c703 0100 
  0x0000029e87c5045c: ;   {metadata('com/badlogic/gdx/physics/box2d/PolygonShape')}
  0x0000029e87c5045c: 0000 c743 | 0880 170e | 0144 8963 | 0c4c 8b54 | 2458 4c89 | 5310 4180 | 7f40 000f | 8587 0800 
  0x0000029e87c5047c: 004c 8bd3 | 49c1 ea03 | 4489 551c | 4c8b d54c | 8bdb 4d33 | da49 c1eb | 154d 85db | 0f84 59f6 
  0x0000029e87c5049c: ffff 49c1 | ea09 49b8 | 0070 fcf1 | 9e02 0000 | 4d03 c241 | 8038 020f | 843e f6ff | ff4d 8b57 
  0x0000029e87c504bc: 584d 8b5f | 48f0 8344 | 24c0 0041 | 8038 000f | 8426 f6ff | ff45 8820 | 4d85 db75 | 2049 8bc8 
  0x0000029e87c504dc: 498b d749 | ba40 12d3 | 1aff 7f00 | 0041 ffd2 

  0x0000029e87c504ec: ;   {other}
  0x0000029e87c504ec: 0f1f 8400 | 0000 0000 | e9fe f5ff | ff4f 8944 | 1af8 4983 | c3f8 4d89 | 5f48 e9ec | f5ff ff48 
  0x0000029e87c5050c: ;   {optimized virtual_call}
  0x0000029e87c5050c: 8bd5 90e8 

  0x0000029e87c50510: ; ImmutableOopMap {rbp=Oop [40]=Oop [48]=Oop [56]=Oop }
                      ;*invokespecial jniGetShape {reexecute=0 rethrow=0 return_oop=0}
                      ; - com.badlogic.gdx.physics.box2d.Fixture::getShape@12 (line 96)
                      ; - com.badlogic.gdx.physics.box2d.Box2DDebugRenderer::drawShape@11 (line 195)
  0x0000029e87c50510: 6ce5 92ff 

  0x0000029e87c50514: ;   {other}
  0x0000029e87c50514: 0f1f 8400 | 040f 000e | 4889 4424 | 5848 85c0 | 0f84 cf11 | 0000 488b 

  0x0000029e87c5052c: ;   {static_call}
  0x0000029e87c5052c: d066 90e8 

  0x0000029e87c50530: ; ImmutableOopMap {rbp=Oop [40]=Oop [48]=Oop [56]=Oop }
                      ;*invokestatic jniGetType {reexecute=0 rethrow=0 return_oop=0}
                      ; - com.badlogic.gdx.physics.box2d.Fixture::getShape@33 (line 98)
                      ; - com.badlogic.gdx.physics.box2d.Box2DDebugRenderer::drawShape@11 (line 195)
  0x0000029e87c50530: 4ceb 92ff 

  0x0000029e87c50534: ;   {other}
  0x0000029e87c50534: 0f1f 8400 | 240f 000f | 83f8 020f | 85e2 0200 | 0049 8b9f | b801 0000 | 4c8b d349 | 83c2 184d 
  0x0000029e87c50554: 3b97 c801 | 0000 0f83 | 040f 0000 | 4d89 97b8 | 0100 0041 | 0f18 8200 | 0100 0048 | c703 0100 
  0x0000029e87c50574: ;   {metadata('com/badlogic/gdx/physics/box2d/PolygonShape')}
  0x0000029e87c50574: 0000 c743 | 0880 170e | 0144 8963 | 0c4c 8b54 | 2458 4c89 | 5310 4180 | 7f40 000f | 85a3 0900 
  0x0000029e87c50594: 004c 8bd3 | 49c1 ea03 | 4489 551c | 4c8b d54c | 8bdb 4d33 | da49 c1eb | 154d 85db | 0f84 29fc 
  0x0000029e87c505b4: ffff 49c1 | ea09 49b8 | 0070 fcf1 | 9e02 0000 | 4d03 c241 | 8038 020f | 840e fcff | ff4d 8b57 
  0x0000029e87c505d4: 584d 8b5f | 48f0 8344 | 24c0 0041 | 8038 000f | 84f6 fbff | ff45 8820 | 4d85 db75 | 2049 8bc8 
  0x0000029e87c505f4: 498b d749 | ba40 12d3 | 1aff 7f00 | 0041 ffd2 

  0x0000029e87c50604: ;   {other}
  0x0000029e87c50604: 0f1f 8400 | 0000 0000 | e9ce fbff | ff4f 8944 | 1af8 4983 | c3f8 4d89 | 5f48 e9bc | fbff ff85 
  0x0000029e87c50624: c00f 850e | 1100 0049 | 8b9f b801 | 0000 4c8b | d349 83c2 | 204d 3b97 | c801 0000 | 0f83 880f 
  0x0000029e87c50644: 0000 4d89 | 97b8 0100 | 0041 0f18 | 8200 0100 | 0048 c703 | 0100 0000 

  0x0000029e87c5065c: ;   {metadata('com/badlogic/gdx/physics/box2d/CircleShape')}
  0x0000029e87c5065c: c743 0828 | 150e 0144 | 8963 0c4c | 8963 104c | 8963 1849 | 8b87 b801 | 0000 4c8b | d049 83c2 
  0x0000029e87c5067c: 184d 3b97 | c801 0000 | 0f83 660f | 0000 4d89 | 97b8 0100 | 0041 0f18 | 8200 0100 | 0048 c700 
  0x0000029e87c5069c: 0100 0000 | 410f 1882 | 4001 0000 

  0x0000029e87c506a8: ;   {metadata({type array float})}
  0x0000029e87c506a8: c740 0898 | 1e00 0041 | 0f18 8280 | 0100 00c7 | 400c 0200 | 0000 4c89 | 6010 4c8b | db49 c1eb 
  0x0000029e87c506c8: 0344 895c | 2460 4c8b | d849 c1eb | 0344 895b | 0c4c 8bd0 | 4c8b db4d | 33d3 49c1 | ea15 4d85 
  0x0000029e87c506e8: d274 1a49 | c1eb 0948 | b900 70fc | f19e 0200 | 0049 03cb | 8039 020f | 85c1 0b00 | 0049 8bbf 
  0x0000029e87c50708: b801 0000 | 4c8b d749 | 83c2 184d | 3b97 c801 | 0000 0f83 | 6e0e 0000 | 4d89 97b8 | 0100 0041 
  0x0000029e87c50728: 0f18 8200 | 0100 0048 | c707 0100 

  0x0000029e87c50734: ;   {metadata('com/badlogic/gdx/math/Vector2')}
  0x0000029e87c50734: 0000 c747 | 08d0 3709 | 0144 8967 | 0c4c 8967 | 1041 807f | 4000 0f85 | 080b 0000 | 4c8b db4c 
  0x0000029e87c50754: 8bc7 4d33 | c34c 8bd7 | 49c1 ea03 | 4489 5318 | 49c1 e815 | 4d85 c074 | 1a49 c1eb | 0948 b900 
  0x0000029e87c50774: 70fc f19e | 0200 0049 | 03cb 8039 | 020f 858d | 0b00 004c | 8b54 2458 | 4c89 5310 | 4180 7f40 
  0x0000029e87c50794: 000f 85f4 | 0a00 0044 | 8b54 2460 | 4489 551c | 4c8b d54c | 8bdb 4d33 | da49 c1eb | 154d 85db 
  0x0000029e87c507b4: 0f84 3df3 | ffff 49c1 | ea09 49b8 | 0070 fcf1 | 9e02 0000 | 4d03 c241 | 8038 020f | 8422 f3ff 
  0x0000029e87c507d4: ff4d 8b57 | 584d 8b5f | 48f0 8344 | 24c0 0041 | 8038 000f | 840a f3ff | ff45 8820 | 4d85 db75 
  0x0000029e87c507f4: 2049 8bc8 | 498b d749 | ba40 12d3 | 1aff 7f00 | 0041 ffd2 

  0x0000029e87c50808: ;   {other}
  0x0000029e87c50808: 0f1f 8400 | 0000 0000 | e9e2 f2ff | ff4f 8944 | 1af8 4983 | c3f8 4d89 | 5f48 e9d0 | f2ff ff85 
  0x0000029e87c50828: c00f 856f | 0f00 0049 | 8b9f b801 | 0000 4c8b | d349 83c2 | 204d 3b97 | c801 0000 | 0f83 0c0e 
  0x0000029e87c50848: 0000 4d89 | 97b8 0100 | 0041 0f18 | 8200 0100 | 0048 c703 | 0100 0000 

  0x0000029e87c50860: ;   {metadata('com/badlogic/gdx/physics/box2d/CircleShape')}
  0x0000029e87c50860: c743 0828 | 150e 0144 | 8963 0c4c | 8963 104c | 8963 1849 | 8b87 b801 | 0000 4c8b | d049 83c2 
  0x0000029e87c50880: 184d 3b97 | c801 0000 | 0f83 940d | 0000 4d89 | 97b8 0100 | 0041 0f18 | 8200 0100 | 0048 c700 
  0x0000029e87c508a0: 0100 0000 | 410f 1882 | 4001 0000 

  0x0000029e87c508ac: ;   {metadata({type array float})}
  0x0000029e87c508ac: c740 0898 | 1e00 0041 | 0f18 8280 | 0100 00c7 | 400c 0200 | 0000 4c89 | 6010 4c8b | d349 c1ea 
  0x0000029e87c508cc: 0344 8954 | 2460 4c8b | d049 c1ea | 0344 8953 | 0c4c 8bd0 | 4c8b db4d | 33d3 49c1 | ea15 4d85 
  0x0000029e87c508ec: d274 1a49 | c1eb 0948 | b900 70fc | f19e 0200 | 0049 03cb | 8039 020f | 8537 0c00 | 0049 8bbf 
  0x0000029e87c5090c: b801 0000 | 4c8b d749 | 83c2 184d | 3b97 c801 | 0000 0f83 | 540d 0000 | 4d89 97b8 | 0100 0041 
  0x0000029e87c5092c: 0f18 8200 | 0100 0048 | c707 0100 

  0x0000029e87c50938: ;   {metadata('com/badlogic/gdx/math/Vector2')}
  0x0000029e87c50938: 0000 c747 | 08d0 3709 | 0144 8967 | 0c4c 8967 | 1041 807f | 4000 0f85 | 670b 0000 | 4c8b d34c 
  0x0000029e87c50958: 8bdf 4d33 | da4c 8bcf | 49c1 e903 | 4489 4b18 | 49c1 eb15 | 4d85 db74 | 1a49 c1ea | 0948 b900 
  0x0000029e87c50978: 70fc f19e | 0200 0049 | 03ca 8039 | 020f 8567 | 0b00 004c | 8b54 2458 | 4c89 5310 | 4180 7f40 
  0x0000029e87c50998: 000f 85e5 | 0a00 0044 | 8b5c 2460 | 4489 5d1c | 4c8b d54c | 8bdb 4d33 | da49 c1eb | 154d 85db 
  0x0000029e87c509b8: 0f84 21f8 | ffff 49c1 | ea09 49b8 | 0070 fcf1 | 9e02 0000 | 4d03 c241 | 8038 020f | 8406 f8ff 
  0x0000029e87c509d8: ff4d 8b57 | 584d 8b5f | 48f0 8344 | 24c0 0041 | 8038 000f | 84ee f7ff | ff45 8820 | 4d85 db75 
  0x0000029e87c509f8: 2049 8bc8 | 498b d749 | ba40 12d3 | 1aff 7f00 | 0041 ffd2 

  0x0000029e87c50a0c: ;   {other}
  0x0000029e87c50a0c: 0f1f 8400 | 0000 0000 | e9c6 f7ff | ff4f 8944 | 1af8 4983 | c3f8 4d89 | 5f48 e9b4 | f7ff ffba 
  0x0000029e87c50a2c: e4ff ffff | c4e1 f97e | c544 8b54 | 2428 4489 | 5424 2044 | 895c 2424 | 4489 4c24 | 28c5 7a11 
  0x0000029e87c50a4c: 6c24 2cc5 | 7a11 5424 | 30c5 fa11 | 7424 34c5 | fa11 6424 | 3889 7424 | 3cc5 fa11 | 4c24 40c5 
  0x0000029e87c50a6c: fa11 5c24 | 44c5 fa11 | 6c24 48c4 | c179 6ec6 | c5fa 1144 

  0x0000029e87c50a80: ;   {runtime_call UncommonTrapBlob}
  0x0000029e87c50a80: 244c 90e8 

  0x0000029e87c50a84: ; ImmutableOopMap {rbp=Oop [40]=NarrowOop [64]=NarrowOop [68]=NarrowOop [72]=NarrowOop }
                      ;*fastore {reexecute=0 rethrow=0 return_oop=0}
                      ; - com.badlogic.gdx.graphics.glutils.ImmediateModeRenderer20::color@21 (line 117)
                      ; - com.badlogic.gdx.graphics.glutils.ShapeRenderer::line@62 (line 273)
                      ; - com.badlogic.gdx.graphics.glutils.ShapeRenderer::line@16 (line 252)
                      ; - com.badlogic.gdx.physics.box2d.Box2DDebugRenderer::drawSolidPolygon@88 (line 262)
                      ; - com.badlogic.gdx.physics.box2d.Box2DDebugRenderer::drawShape@215 (line 219)
  0x0000029e87c50a84: 783b 93ff 

  0x0000029e87c50a88: ;   {other}
  0x0000029e87c50a88: 0f1f 8400 | 7814 0010 | bae4 ffff | ffc4 e1f9 | 7ec5 448b | 4424 2844 | 8944 2420 | 4489 5c24 
  0x0000029e87c50aa8: 2444 894c | 2428 c5fa | 1174 242c | c5fa 1164 | 2430 4889 | 4c24 38c5 | 7a11 5424 | 3489 7c24 
  0x0000029e87c50ac8: 44c5 7a11 | 6c24 48c5 | fa11 4c24 | 4cc5 fa11 | 5c24 50c5 | fa11 6c24 

  0x0000029e87c50ae0: ;   {runtime_call UncommonTrapBlob}
  0x0000029e87c50ae0: 5466 90e8 

  0x0000029e87c50ae4: ; ImmutableOopMap {rbp=Oop [40]=NarrowOop [56]=Oop [76]=NarrowOop [80]=NarrowOop [84]=NarrowOop }
                      ;*fastore {reexecute=0 rethrow=0 return_oop=0}
                      ; - com.badlogic.gdx.graphics.glutils.ImmediateModeRenderer20::vertex@13 (line 140)
                      ; - com.badlogic.gdx.graphics.glutils.ShapeRenderer::line@74 (line 274)
                      ; - com.badlogic.gdx.graphics.glutils.ShapeRenderer::line@16 (line 252)
                      ; - com.badlogic.gdx.physics.box2d.Box2DDebugRenderer::drawSolidPolygon@88 (line 262)
                      ; - com.badlogic.gdx.physics.box2d.Box2DDebugRenderer::drawShape@215 (line 219)
  0x0000029e87c50ae4: 183b 93ff 

  0x0000029e87c50ae8: ;   {other}
  0x0000029e87c50ae8: 0f1f 8400 | d814 0011 | 8d6f 01ba | e4ff ffff | c5fb 1144 | 2420 4489 | 5c24 2c44 | 894c 2430 
  0x0000029e87c50b08: c5fa 1174 | 2434 c5fa | 1164 2438 | 4889 4c24 | 4089 7c24 | 3cc5 7a11 | 5424 48c5 | fa11 4c24 
  0x0000029e87c50b28: 4cc5 fa11 | 5c24 50c5 | fa11 6c24 

  0x0000029e87c50b34: ;   {runtime_call UncommonTrapBlob}
  0x0000029e87c50b34: 5466 90e8 

  0x0000029e87c50b38: ; ImmutableOopMap {[32]=Oop [48]=NarrowOop [64]=Oop [76]=NarrowOop [80]=NarrowOop [84]=NarrowOop }
                      ;*fastore {reexecute=0 rethrow=0 return_oop=0}
                      ; - com.badlogic.gdx.graphics.glutils.ImmediateModeRenderer20::vertex@23 (line 141)
                      ; - com.badlogic.gdx.graphics.glutils.ShapeRenderer::line@74 (line 274)
                      ; - com.badlogic.gdx.graphics.glutils.ShapeRenderer::line@16 (line 252)
                      ; - com.badlogic.gdx.physics.box2d.Box2DDebugRenderer::drawSolidPolygon@88 (line 262)
                      ; - com.badlogic.gdx.physics.box2d.Box2DDebugRenderer::drawShape@215 (line 219)
  0x0000029e87c50b38: c43a 93ff 

  0x0000029e87c50b3c: ;   {other}
  0x0000029e87c50b3c: 0f1f 8400 | 2c15 0012 | bae4 ffff | ffc5 fb11 | 4424 2044 | 895c 242c | 4489 4c24 | 30c5 fa11 
  0x0000029e87c50b5c: 7424 34c5 | fa11 6424 | 38c5 fa11 | 4c24 3cc5 | fa11 6c24 | 40c4 c179 | 6ece c5fa | 114c 2444 
  0x0000029e87c50b7c: ;   {runtime_call UncommonTrapBlob}
  0x0000029e87c50b7c: 6666 90e8 

  0x0000029e87c50b80: ; ImmutableOopMap {[32]=Oop [48]=NarrowOop [60]=NarrowOop [64]=NarrowOop }
                      ;*fastore {reexecute=0 rethrow=0 return_oop=0}
                      ; - com.badlogic.gdx.graphics.glutils.ImmediateModeRenderer20::color@21 (line 117)
                      ; - com.badlogic.gdx.graphics.glutils.ShapeRenderer::line@103 (line 275)
                      ; - com.badlogic.gdx.graphics.glutils.ShapeRenderer::line@16 (line 252)
                      ; - com.badlogic.gdx.physics.box2d.Box2DDebugRenderer::drawSolidPolygon@88 (line 262)
                      ; - com.badlogic.gdx.physics.box2d.Box2DDebugRenderer::drawShape@215 (line 219)
  0x0000029e87c50b80: 7c3a 93ff 

  0x0000029e87c50b84: ;   {other}
  0x0000029e87c50b84: 0f1f 8400 | 7415 0013 | bae4 ffff | ffc4 e1f9 | 7ec5 448b | 4424 2844 | 8944 2420 | 4489 5c24 
  0x0000029e87c50ba4: 2444 894c | 2428 4889 | 4c24 30c5 | fa11 6424 | 2c89 4424 | 3cc5 fa11 | 7424 40c5 | fa11 6c24 
  0x0000029e87c50bc4: ;   {runtime_call UncommonTrapBlob}
  0x0000029e87c50bc4: 4466 90e8 

  0x0000029e87c50bc8: ; ImmutableOopMap {rbp=Oop [40]=NarrowOop [48]=Oop [68]=NarrowOop }
                      ;*fastore {reexecute=0 rethrow=0 return_oop=0}
                      ; - com.badlogic.gdx.graphics.glutils.ImmediateModeRenderer20::vertex@13 (line 140)
                      ; - com.badlogic.gdx.graphics.glutils.ShapeRenderer::line@118 (line 276)
                      ; - com.badlogic.gdx.graphics.glutils.ShapeRenderer::line@16 (line 252)
                      ; - com.badlogic.gdx.physics.box2d.Box2DDebugRenderer::drawSolidPolygon@88 (line 262)
                      ; - com.badlogic.gdx.physics.box2d.Box2DDebugRenderer::drawShape@215 (line 219)
  0x0000029e87c50bc8: 343a 93ff 

  0x0000029e87c50bcc: ;   {other}
  0x0000029e87c50bcc: 0f1f 8400 | bc15 0014 | 8d68 01ba | e4ff ffff | c5fb 1144 | 2420 4489 | 5c24 2c44 | 894c 2430 
  0x0000029e87c50bec: 4889 4c24 | 3889 4424 | 34c5 fa11 | 6424 40c5 | fa11 6c24 

  0x0000029e87c50c00: ;   {runtime_call UncommonTrapBlob}
  0x0000029e87c50c00: 4466 90e8 

  0x0000029e87c50c04: ; ImmutableOopMap {[32]=Oop [48]=NarrowOop [56]=Oop [68]=NarrowOop }
                      ;*fastore {reexecute=0 rethrow=0 return_oop=0}
                      ; - com.badlogic.gdx.graphics.glutils.ImmediateModeRenderer20::vertex@23 (line 141)
                      ; - com.badlogic.gdx.graphics.glutils.ShapeRenderer::line@118 (line 276)
                      ; - com.badlogic.gdx.graphics.glutils.ShapeRenderer::line@16 (line 252)
                      ; - com.badlogic.gdx.physics.box2d.Box2DDebugRenderer::drawSolidPolygon@88 (line 262)
                      ; - com.badlogic.gdx.physics.box2d.Box2DDebugRenderer::drawShape@215 (line 219)
  0x0000029e87c50c04: f839 93ff 

  0x0000029e87c50c08: ;   {other}
  0x0000029e87c50c08: 0f1f 8400 | f815 0015 | ba45 ffff | ffc4 e1f9 | 7ec5 448b | 4424 2844 | 8944 2420 | 4489 5c24 
  0x0000029e87c50c28: 2444 894c | 2428 c57a | 116c 242c | c57a 1154 | 2430 c5fa | 1174 2434 | c5fa 1164 | 2438 897c 
  0x0000029e87c50c48: 243c c5fa | 115c 2448 | c5fa 114c 

  0x0000029e87c50c54: ;   {runtime_call UncommonTrapBlob}
  0x0000029e87c50c54: 244c 90e8 

  0x0000029e87c50c58: ; ImmutableOopMap {rbp=Oop [40]=NarrowOop [72]=NarrowOop [76]=NarrowOop }
                      ;*if_icmpge {reexecute=1 rethrow=0 return_oop=0}
                      ; - (reexecute) com.badlogic.gdx.graphics.glutils.ShapeRenderer::check@180 (line 1198)
                      ; - com.badlogic.gdx.graphics.glutils.ShapeRenderer::line@35 (line 272)
                      ; - com.badlogic.gdx.graphics.glutils.ShapeRenderer::line@16 (line 252)
                      ; - com.badlogic.gdx.physics.box2d.Box2DDebugRenderer::drawSolidPolygon@88 (line 262)
                      ; - com.badlogic.gdx.physics.box2d.Box2DDebugRenderer::drawShape@215 (line 219)
  0x0000029e87c50c58: a439 93ff 

  0x0000029e87c50c5c: ;   {other}
  0x0000029e87c50c5c: 0f1f 8400 | 4c16 0016 | baf6 ffff | ffc5 f97e 

  0x0000029e87c50c6c: ;   {runtime_call UncommonTrapBlob}
  0x0000029e87c50c6c: cd66 90e8 

  0x0000029e87c50c70: ; ImmutableOopMap {}
                      ;*putfield x {reexecute=1 rethrow=0 return_oop=0}
                      ; - (reexecute) com.badlogic.gdx.physics.box2d.PolygonShape::getVertex@18 (line 124)
                      ; - com.badlogic.gdx.physics.box2d.Box2DDebugRenderer::drawShape@187 (line 216)
  0x0000029e87c50c70: 8c39 93ff 

  0x0000029e87c50c74: ;   {other}
  0x0000029e87c50c74: 0f1f 8400 | 6416 0017 | bae4 ffff | ff48 8b6c | 2430 4c8b | 5c24 384c | 895c 2428 | 4c8b 5c24 
  0x0000029e87c50c94: 484c 895c | 2430 448b | 4424 4044 | 8944 243c | 4489 5424 

  0x0000029e87c50ca8: ;   {runtime_call UncommonTrapBlob}
  0x0000029e87c50ca8: 4866 90e8 

  0x0000029e87c50cac: ; ImmutableOopMap {rbp=Oop [32]=Oop [40]=Oop [48]=Oop [68]=NarrowOop [72]=NarrowOop }
                      ;*faload {reexecute=0 rethrow=0 return_oop=0}
                      ; - com.badlogic.gdx.physics.box2d.PolygonShape::getVertex@17 (line 124)
                      ; - com.badlogic.gdx.physics.box2d.Box2DDebugRenderer::drawShape@187 (line 216)
  0x0000029e87c50cac: 5039 93ff 

  0x0000029e87c50cb0: ;   {other}
  0x0000029e87c50cb0: 0f1f 8400 | a016 0018 | bae4 ffff | ff4c 8b54 | 2430 4c89 | 5424 204c | 8b54 2438 | 4c89 5424 
  0x0000029e87c50cd0: 304c 8b54 | 2448 4c89 | 5424 3844 | 8b44 2450 | 4489 4424 | 4044 895c | 2444 4889 | 4c24 4844 
  0x0000029e87c50cf0: 894c 2450 

  0x0000029e87c50cf4: ;   {runtime_call UncommonTrapBlob}
  0x0000029e87c50cf4: 6666 90e8 

  0x0000029e87c50cf8: ; ImmutableOopMap {rbp=NarrowOop [32]=Oop [48]=Oop [56]=Oop [72]=Oop [80]=NarrowOop }
                      ;*faload {reexecute=0 rethrow=0 return_oop=0}
                      ; - com.badlogic.gdx.physics.box2d.Transform::mul@5 (line 58)
                      ; - com.badlogic.gdx.physics.box2d.Box2DDebugRenderer::drawShape@197 (line 217)
  0x0000029e87c50cf8: 0439 93ff 

  0x0000029e87c50cfc: ;   {other}
  0x0000029e87c50cfc: 0f1f 8400 | ec16 0019 | 448b 5d1c | 4585 db0f | 846c f7ff | ff4d 8b57 | 2849 8bcb | 48c1 e103 
  0x0000029e87c50d1c: 4d85 d20f | 84b7 0900 | 004d 8b5f | 384b 894c | 13f8 4983 | c2f8 4d89 | 5728 e942 | f7ff ffba 
  0x0000029e87c50d3c: f6ff ffff 

  0x0000029e87c50d40: ;   {runtime_call UncommonTrapBlob}
  0x0000029e87c50d40: 6666 90e8 

  0x0000029e87c50d44: ; ImmutableOopMap {rbp=NarrowOop }
                      ;*invokevirtual set {reexecute=0 rethrow=0 return_oop=0}
                      ; - com.badlogic.gdx.physics.box2d.Box2DDebugRenderer::drawSolidPolygon@30 (line 258)
                      ; - com.badlogic.gdx.physics.box2d.Box2DDebugRenderer::drawShape@215 (line 219)
  0x0000029e87c50d44: b838 93ff 

  0x0000029e87c50d48: ;   {other}
  0x0000029e87c50d48: 0f1f 8400 | 3817 001a | baf6 ffff 

  0x0000029e87c50d54: ;   {runtime_call UncommonTrapBlob}
  0x0000029e87c50d54: ff66 90e8 

  0x0000029e87c50d58: ; ImmutableOopMap {rbp=NarrowOop }
                      ;*invokevirtual set {reexecute=0 rethrow=0 return_oop=0}
                      ; - com.badlogic.gdx.physics.box2d.Box2DDebugRenderer::drawSolidPolygon@41 (line 259)
                      ; - com.badlogic.gdx.physics.box2d.Box2DDebugRenderer::drawShape@215 (line 219)
  0x0000029e87c50d58: a438 93ff 

  0x0000029e87c50d5c: ;   {other}
  0x0000029e87c50d5c: 0f1f 8400 | 4c17 001b | bae4 ffff | ffc5 fa11 | 7424 20c5 | fa11 6424 | 2444 894c | 2428 c57a 
  0x0000029e87c50d7c: 1144 242c | c5fa 1144 | 2434 4489 | 5424 3889 | 7424 3cc4 | c179 6ec6 | c5fa 1144 

  0x0000029e87c50d98: ;   {runtime_call UncommonTrapBlob}
  0x0000029e87c50d98: 2430 90e8 

  0x0000029e87c50d9c: ; ImmutableOopMap {[40]=NarrowOop [56]=NarrowOop [60]=NarrowOop }
                      ;*fastore {reexecute=0 rethrow=0 return_oop=0}
                      ; - com.badlogic.gdx.graphics.glutils.ImmediateModeRenderer20::color@21 (line 117)
                      ; - com.badlogic.gdx.graphics.glutils.ShapeRenderer::line@62 (line 273)
                      ; - com.badlogic.gdx.graphics.glutils.ShapeRenderer::line@16 (line 252)
                      ; - com.badlogic.gdx.physics.box2d.Box2DDebugRenderer::drawSolidPolygon@144 (line 265)
                      ; - com.badlogic.gdx.physics.box2d.Box2DDebugRenderer::drawShape@215 (line 219)
  0x0000029e87c50d9c: 6038 93ff 

  0x0000029e87c50da0: ;   {other}
  0x0000029e87c50da0: 0f1f 8400 | 9017 001c | bae4 ffff | ffc5 f97e | f5c5 fa11 | 6424 2044 | 894c 2424 | 4489 5424 
  0x0000029e87c50dc0: 284c 896c | 2430 c5fa | 1144 242c | 8974 243c | 4489 5c24 | 40c5 7a11 

  0x0000029e87c50dd8: ;   {runtime_call UncommonTrapBlob}
  0x0000029e87c50dd8: 4424 44e8 

  0x0000029e87c50ddc: ; ImmutableOopMap {[36]=NarrowOop [40]=NarrowOop [48]=Oop [60]=NarrowOop }
                      ;*fastore {reexecute=0 rethrow=0 return_oop=0}
                      ; - com.badlogic.gdx.graphics.glutils.ImmediateModeRenderer20::vertex@13 (line 140)
                      ; - com.badlogic.gdx.graphics.glutils.ShapeRenderer::line@74 (line 274)
                      ; - com.badlogic.gdx.graphics.glutils.ShapeRenderer::line@16 (line 252)
                      ; - com.badlogic.gdx.physics.box2d.Box2DDebugRenderer::drawSolidPolygon@144 (line 265)
                      ; - com.badlogic.gdx.physics.box2d.Box2DDebugRenderer::drawShape@215 (line 219)
  0x0000029e87c50ddc: 2038 93ff 

  0x0000029e87c50de0: ;   {other}
  0x0000029e87c50de0: 0f1f 8400 | d017 001d | 418d 6b01 | bae4 ffff | ffc5 fa11 | 7424 20c5 | fa11 6424 | 2444 894c 
  0x0000029e87c50e00: 2428 4489 | 5424 2c4c | 896c 2430 | 4489 5c24 | 3889 7424 | 3cc5 fa11 

  0x0000029e87c50e18: ;   {runtime_call UncommonTrapBlob}
  0x0000029e87c50e18: 4424 40e8 

  0x0000029e87c50e1c: ; ImmutableOopMap {[40]=NarrowOop [44]=NarrowOop [48]=Oop [60]=NarrowOop }
                      ;*fastore {reexecute=0 rethrow=0 return_oop=0}
                      ; - com.badlogic.gdx.graphics.glutils.ImmediateModeRenderer20::vertex@23 (line 141)
                      ; - com.badlogic.gdx.graphics.glutils.ShapeRenderer::line@74 (line 274)
                      ; - com.badlogic.gdx.graphics.glutils.ShapeRenderer::line@16 (line 252)
                      ; - com.badlogic.gdx.physics.box2d.Box2DDebugRenderer::drawSolidPolygon@144 (line 265)
                      ; - com.badlogic.gdx.physics.box2d.Box2DDebugRenderer::drawShape@215 (line 219)
  0x0000029e87c50e1c: e037 93ff 

  0x0000029e87c50e20: ;   {other}
  0x0000029e87c50e20: 0f1f 8400 | 1018 001e | bae4 ffff | ffc5 fa11 | 7424 20c5 | fa11 6424 | 2444 894c | 2428 8974 
  0x0000029e87c50e40: 242c c4c1 | 796e cec5 | fa11 4c24 

  0x0000029e87c50e4c: ;   {runtime_call UncommonTrapBlob}
  0x0000029e87c50e4c: 3066 90e8 

  0x0000029e87c50e50: ; ImmutableOopMap {[40]=NarrowOop [44]=NarrowOop }
                      ;*fastore {reexecute=0 rethrow=0 return_oop=0}
                      ; - com.badlogic.gdx.graphics.glutils.ImmediateModeRenderer20::color@21 (line 117)
                      ; - com.badlogic.gdx.graphics.glutils.ShapeRenderer::line@103 (line 275)
                      ; - com.badlogic.gdx.graphics.glutils.ShapeRenderer::line@16 (line 252)
                      ; - com.badlogic.gdx.physics.box2d.Box2DDebugRenderer::drawSolidPolygon@144 (line 265)
                      ; - com.badlogic.gdx.physics.box2d.Box2DDebugRenderer::drawShape@215 (line 219)
  0x0000029e87c50e50: ac37 93ff 

  0x0000029e87c50e54: ;   {other}
  0x0000029e87c50e54: 0f1f 8400 | 4418 001f | bae4 ffff | ffc5 f97e | e5c5 fa11 | 7424 204c | 896c 2428 | 8974 2430 
  0x0000029e87c50e74: 4489 5424 

  0x0000029e87c50e78: ;   {runtime_call UncommonTrapBlob}
  0x0000029e87c50e78: 3466 90e8 

  0x0000029e87c50e7c: ; ImmutableOopMap {[40]=Oop [48]=NarrowOop }
                      ;*fastore {reexecute=0 rethrow=0 return_oop=0}
                      ; - com.badlogic.gdx.graphics.glutils.ImmediateModeRenderer20::vertex@13 (line 140)
                      ; - com.badlogic.gdx.graphics.glutils.ShapeRenderer::line@118 (line 276)
                      ; - com.badlogic.gdx.graphics.glutils.ShapeRenderer::line@16 (line 252)
                      ; - com.badlogic.gdx.physics.box2d.Box2DDebugRenderer::drawSolidPolygon@144 (line 265)
                      ; - com.badlogic.gdx.physics.box2d.Box2DDebugRenderer::drawShape@215 (line 219)
  0x0000029e87c50e7c: 8037 93ff 

  0x0000029e87c50e80: ;   {other}
  0x0000029e87c50e80: 0f1f 8400 | 7018 0020 | 418d 6a01 | bae4 ffff | ffc5 fa11 | 6424 204c | 896c 2428 | 4489 5424 
  0x0000029e87c50ea0: 2489 7424 

  0x0000029e87c50ea4: ;   {runtime_call UncommonTrapBlob}
  0x0000029e87c50ea4: 3066 90e8 

  0x0000029e87c50ea8: ; ImmutableOopMap {[40]=Oop [48]=NarrowOop }
                      ;*fastore {reexecute=0 rethrow=0 return_oop=0}
                      ; - com.badlogic.gdx.graphics.glutils.ImmediateModeRenderer20::vertex@23 (line 141)
                      ; - com.badlogic.gdx.graphics.glutils.ShapeRenderer::line@118 (line 276)
                      ; - com.badlogic.gdx.graphics.glutils.ShapeRenderer::line@16 (line 252)
                      ; - com.badlogic.gdx.physics.box2d.Box2DDebugRenderer::drawSolidPolygon@144 (line 265)
                      ; - com.badlogic.gdx.physics.box2d.Box2DDebugRenderer::drawShape@215 (line 219)
  0x0000029e87c50ea8: 5437 93ff 

  0x0000029e87c50eac: ;   {other}
  0x0000029e87c50eac: 0f1f 8400 | 9c18 0021 | bade ffff | ffc5 fa11 | 7424 20c5 | fa11 6424 | 24c5 7a11 | 4424 2cc5 
  0x0000029e87c50ecc: fa11 4424 | 3044 8954 | 2438 4489 

  0x0000029e87c50ed8: ;   {runtime_call UncommonTrapBlob}
  0x0000029e87c50ed8: 4c24 3ce8 

  0x0000029e87c50edc: ; ImmutableOopMap {rbp=NarrowOop [56]=NarrowOop [60]=NarrowOop }
                      ;*invokeinterface getMaxVertices {reexecute=0 rethrow=0 return_oop=0}
                      ; - com.badlogic.gdx.graphics.glutils.ShapeRenderer::check@164 (line 1198)
                      ; - com.badlogic.gdx.graphics.glutils.ShapeRenderer::line@35 (line 272)
                      ; - com.badlogic.gdx.graphics.glutils.ShapeRenderer::line@16 (line 252)
                      ; - com.badlogic.gdx.physics.box2d.Box2DDebugRenderer::drawSolidPolygon@144 (line 265)
                      ; - com.badlogic.gdx.physics.box2d.Box2DDebugRenderer::drawShape@215 (line 219)
  0x0000029e87c50edc: 2037 93ff 

  0x0000029e87c50ee0: ;   {other}
  0x0000029e87c50ee0: 0f1f 8400 | d018 0022 | 4c8b 4424 | 28ba 76ff | ffff 4c8b | 5424 304c | 8954 2420 | 4c89 4424 
  0x0000029e87c50f00: 284c 8b54 | 2438 4c89 | 5424 3089 

  0x0000029e87c50f0c: ;   {runtime_call UncommonTrapBlob}
  0x0000029e87c50f0c: 4424 3ce8 

  0x0000029e87c50f10: ; ImmutableOopMap {rbp=Oop [32]=Oop [40]=Oop [48]=Oop }
                      ;*if_icmpge {reexecute=1 rethrow=0 return_oop=0}
                      ; - (reexecute) com.badlogic.gdx.physics.box2d.Box2DDebugRenderer::drawShape@174 (line 215)
  0x0000029e87c50f10: ec36 93ff 

  0x0000029e87c50f14: ;   {other}
  0x0000029e87c50f14: 0f1f 8400 | 0419 0023 | ba76 ffff | ff49 8be8 | 4489 5c24 

  0x0000029e87c50f28: ;   {runtime_call UncommonTrapBlob}
  0x0000029e87c50f28: 2466 90e8 

  0x0000029e87c50f2c: ; ImmutableOopMap {rbp=Oop }
                      ;*if_icmpge {reexecute=1 rethrow=0 return_oop=0}
                      ; - (reexecute) com.badlogic.gdx.physics.box2d.Box2DDebugRenderer::drawSolidPolygon@51 (line 260)
                      ; - com.badlogic.gdx.physics.box2d.Box2DDebugRenderer::drawShape@215 (line 219)
  0x0000029e87c50f2c: d036 93ff 

  0x0000029e87c50f30: ;   {other}
  0x0000029e87c50f30: 0f1f 8400 | 2019 0024 | 448b 5d1c | 4585 db0f | 8450 f6ff | ff4d 8b57 | 2849 8bcb | 48c1 e103 
  0x0000029e87c50f50: 4d85 d20f | 84c3 0700 | 004d 8b5f | 384b 894c | 13f8 4983 | c2f8 4d89 | 5728 e926 | f6ff ffc5 
  0x0000029e87c50f70: f82e d3bd | ffff ffff | 0f8a 0e00 | 0000 0f82 | 0800 0000 | 400f 95c5 | 400f b6ed | f7dd ba45 
  0x0000029e87c50f90: ffff ff44 | 895c 2428 | 4489 5424 

  0x0000029e87c50f9c: ;   {runtime_call UncommonTrapBlob}
  0x0000029e87c50f9c: 2c66 90e8 

  0x0000029e87c50fa0: ; ImmutableOopMap {[44]=NarrowOop [48]=Oop }
                      ;*ifge {reexecute=1 rethrow=0 return_oop=0}
                      ; - (reexecute) com.badlogic.gdx.graphics.Color::clamp@6 (line 182)
                      ; - com.badlogic.gdx.graphics.Color::set@22 (line 213)
                      ; - com.badlogic.gdx.graphics.glutils.ShapeRenderer::setColor@9 (line 131)
                      ; - com.badlogic.gdx.physics.box2d.Box2DDebugRenderer::drawSolidPolygon@20 (line 257)
                      ; - com.badlogic.gdx.physics.box2d.Box2DDebugRenderer::drawShape@215 (line 219)
  0x0000029e87c50fa0: 5c36 93ff 

  0x0000029e87c50fa4: ;   {other}
  0x0000029e87c50fa4: 0f1f 8400 | 9419 0025 

  0x0000029e87c50fac: ;   {section_word}
  0x0000029e87c50fac: c5f8 2e1d | 6cea ffff | bdff ffff | ff0f 8a0e | 0000 000f | 8208 0000 | 0040 0f95 | c540 0fb6 
  0x0000029e87c50fcc: edba 45ff | ffff 4489 | 5c24 2844 | 8954 242c 

  0x0000029e87c50fdc: ;   {runtime_call UncommonTrapBlob}
  0x0000029e87c50fdc: 6666 90e8 

  0x0000029e87c50fe0: ; ImmutableOopMap {[44]=NarrowOop [48]=Oop }
                      ;*ifle {reexecute=1 rethrow=0 return_oop=0}
                      ; - (reexecute) com.badlogic.gdx.graphics.Color::clamp@23 (line 184)
                      ; - com.badlogic.gdx.graphics.Color::set@22 (line 213)
                      ; - com.badlogic.gdx.graphics.glutils.ShapeRenderer::setColor@9 (line 131)
                      ; - com.badlogic.gdx.physics.box2d.Box2DDebugRenderer::drawSolidPolygon@20 (line 257)
                      ; - com.badlogic.gdx.physics.box2d.Box2DDebugRenderer::drawShape@215 (line 219)
  0x0000029e87c50fe0: 1c36 93ff 

  0x0000029e87c50fe4: ;   {other}
  0x0000029e87c50fe4: 0f1f 8400 | d419 0026 | c5f8 2ed5 | bdff ffff | ff0f 8a0e | 0000 000f | 8208 0000 | 0040 0f95 
  0x0000029e87c51004: c540 0fb6 | edf7 ddba | 45ff ffff | 4489 5c24 | 2844 8954 

  0x0000029e87c51018: ;   {runtime_call UncommonTrapBlob}
  0x0000029e87c51018: 242c 90e8 

  0x0000029e87c5101c: ; ImmutableOopMap {[44]=NarrowOop [48]=Oop }
                      ;*ifge {reexecute=1 rethrow=0 return_oop=0}
                      ; - (reexecute) com.badlogic.gdx.graphics.Color::clamp@37 (line 186)
                      ; - com.badlogic.gdx.graphics.Color::set@22 (line 213)
                      ; - com.badlogic.gdx.graphics.glutils.ShapeRenderer::setColor@9 (line 131)
                      ; - com.badlogic.gdx.physics.box2d.Box2DDebugRenderer::drawSolidPolygon@20 (line 257)
                      ; - com.badlogic.gdx.physics.box2d.Box2DDebugRenderer::drawShape@215 (line 219)
  0x0000029e87c5101c: e035 93ff 

  0x0000029e87c51020: ;   {other}
  0x0000029e87c51020: 0f1f 8400 | 101a 0027 

  0x0000029e87c51028: ;   {section_word}
  0x0000029e87c51028: c5f8 2e2d | f0e9 ffff | bdff ffff | ff0f 8a0e | 0000 000f | 8208 0000 | 0040 0f95 | c540 0fb6 
  0x0000029e87c51048: edba 45ff | ffff 4489 | 5c24 2844 | 8954 242c 

  0x0000029e87c51058: ;   {runtime_call UncommonTrapBlob}
  0x0000029e87c51058: 6666 90e8 

  0x0000029e87c5105c: ; ImmutableOopMap {[44]=NarrowOop [48]=Oop }
                      ;*ifle {reexecute=1 rethrow=0 return_oop=0}
                      ; - (reexecute) com.badlogic.gdx.graphics.Color::clamp@54 (line 188)
                      ; - com.badlogic.gdx.graphics.Color::set@22 (line 213)
                      ; - com.badlogic.gdx.graphics.glutils.ShapeRenderer::setColor@9 (line 131)
                      ; - com.badlogic.gdx.physics.box2d.Box2DDebugRenderer::drawSolidPolygon@20 (line 257)
                      ; - com.badlogic.gdx.physics.box2d.Box2DDebugRenderer::drawShape@215 (line 219)
  0x0000029e87c5105c: a035 93ff 

  0x0000029e87c51060: ;   {other}
  0x0000029e87c51060: 0f1f 8400 | 501a 0028 | c5f8 2ed4 | bdff ffff | ff0f 8a0e | 0000 000f | 8208 0000 | 0040 0f95 
  0x0000029e87c51080: c540 0fb6 | edf7 ddba | 45ff ffff | 4489 5c24 | 2844 8954 

  0x0000029e87c51094: ;   {runtime_call UncommonTrapBlob}
  0x0000029e87c51094: 242c 90e8 

  0x0000029e87c51098: ; ImmutableOopMap {[44]=NarrowOop [48]=Oop }
                      ;*ifge {reexecute=1 rethrow=0 return_oop=0}
                      ; - (reexecute) com.badlogic.gdx.graphics.Color::clamp@68 (line 190)
                      ; - com.badlogic.gdx.graphics.Color::set@22 (line 213)
                      ; - com.badlogic.gdx.graphics.glutils.ShapeRenderer::setColor@9 (line 131)
                      ; - com.badlogic.gdx.physics.box2d.Box2DDebugRenderer::drawSolidPolygon@20 (line 257)
                      ; - com.badlogic.gdx.physics.box2d.Box2DDebugRenderer::drawShape@215 (line 219)
  0x0000029e87c51098: 6435 93ff 

  0x0000029e87c5109c: ;   {other}
  0x0000029e87c5109c: 0f1f 8400 | 8c1a 0029 

  0x0000029e87c510a4: ;   {section_word}
  0x0000029e87c510a4: c5f8 2e25 | 74e9 ffff | bdff ffff | ff0f 8a0e | 0000 000f | 8208 0000 | 0040 0f95 | c540 0fb6 
  0x0000029e87c510c4: edba 45ff | ffff 4489 | 5c24 2844 | 8954 242c 

  0x0000029e87c510d4: ;   {runtime_call UncommonTrapBlob}
  0x0000029e87c510d4: 6666 90e8 

  0x0000029e87c510d8: ; ImmutableOopMap {[44]=NarrowOop [48]=Oop }
                      ;*ifle {reexecute=1 rethrow=0 return_oop=0}
                      ; - (reexecute) com.badlogic.gdx.graphics.Color::clamp@85 (line 192)
                      ; - com.badlogic.gdx.graphics.Color::set@22 (line 213)
                      ; - com.badlogic.gdx.graphics.glutils.ShapeRenderer::setColor@9 (line 131)
                      ; - com.badlogic.gdx.physics.box2d.Box2DDebugRenderer::drawSolidPolygon@20 (line 257)
                      ; - com.badlogic.gdx.physics.box2d.Box2DDebugRenderer::drawShape@215 (line 219)
  0x0000029e87c510d8: 2435 93ff 

  0x0000029e87c510dc: ;   {other}
  0x0000029e87c510dc: 0f1f 8400 | cc1a 002a | c5f8 2ed7 | bdff ffff | ff0f 8a0e | 0000 000f | 8208 0000 | 0040 0f95 
  0x0000029e87c510fc: c540 0fb6 | edf7 ddba | 45ff ffff | 4489 5c24 | 2844 8954 

  0x0000029e87c51110: ;   {runtime_call UncommonTrapBlob}
  0x0000029e87c51110: 242c 90e8 

  0x0000029e87c51114: ; ImmutableOopMap {[44]=NarrowOop [48]=Oop }
                      ;*ifge {reexecute=1 rethrow=0 return_oop=0}
                      ; - (reexecute) com.badlogic.gdx.graphics.Color::clamp@99 (line 194)
                      ; - com.badlogic.gdx.graphics.Color::set@22 (line 213)
                      ; - com.badlogic.gdx.graphics.glutils.ShapeRenderer::setColor@9 (line 131)
                      ; - com.badlogic.gdx.physics.box2d.Box2DDebugRenderer::drawSolidPolygon@20 (line 257)
                      ; - com.badlogic.gdx.physics.box2d.Box2DDebugRenderer::drawShape@215 (line 219)
  0x0000029e87c51114: e834 93ff 

  0x0000029e87c51118: ;   {other}
  0x0000029e87c51118: 0f1f 8400 | 081b 002b 

  0x0000029e87c51120: ;   {section_word}
  0x0000029e87c51120: c5f8 2e3d | f8e8 ffff | bdff ffff | ff0f 8a0e | 0000 000f | 8208 0000 | 0040 0f95 | c540 0fb6 
  0x0000029e87c51140: edba 45ff | ffff 4489 | 5c24 2844 | 8954 242c 

  0x0000029e87c51150: ;   {runtime_call UncommonTrapBlob}
  0x0000029e87c51150: 6666 90e8 

  0x0000029e87c51154: ; ImmutableOopMap {[44]=NarrowOop [48]=Oop }
                      ;*ifle {reexecute=1 rethrow=0 return_oop=0}
                      ; - (reexecute) com.badlogic.gdx.graphics.Color::clamp@116 (line 196)
                      ; - com.badlogic.gdx.graphics.Color::set@22 (line 213)
                      ; - com.badlogic.gdx.graphics.glutils.ShapeRenderer::setColor@9 (line 131)
                      ; - com.badlogic.gdx.physics.box2d.Box2DDebugRenderer::drawSolidPolygon@20 (line 257)
                      ; - com.badlogic.gdx.physics.box2d.Box2DDebugRenderer::drawShape@215 (line 219)
  0x0000029e87c51154: a834 93ff 

  0x0000029e87c51158: ;   {other}
  0x0000029e87c51158: 0f1f 8400 | 481b 002c | ba45 ffff | ffc5 f97e | f5c5 fa11 | 6424 2044 | 894c 2424 | c57a 1144 
  0x0000029e87c51178: 2428 c5fa | 1144 242c | 4489 5424 | 3489 7c24 

  0x0000029e87c51188: ;   {runtime_call UncommonTrapBlob}
  0x0000029e87c51188: 3866 90e8 

  0x0000029e87c5118c: ; ImmutableOopMap {[36]=NarrowOop [52]=NarrowOop [56]=NarrowOop }
                      ;*ifnonnull {reexecute=1 rethrow=0 return_oop=0}
                      ; - (reexecute) com.badlogic.gdx.graphics.glutils.ShapeRenderer::check@4 (line 1181)
                      ; - com.badlogic.gdx.graphics.glutils.ShapeRenderer::line@35 (line 272)
                      ; - com.badlogic.gdx.graphics.glutils.ShapeRenderer::line@16 (line 252)
                      ; - com.badlogic.gdx.physics.box2d.Box2DDebugRenderer::drawSolidPolygon@144 (line 265)
                      ; - com.badlogic.gdx.physics.box2d.Box2DDebugRenderer::drawShape@215 (line 219)
  0x0000029e87c5118c: 7034 93ff 

  0x0000029e87c51190: ;   {other}
  0x0000029e87c51190: 0f1f 8400 | 801b 002d | ba45 ffff | ffc5 f97e | f5c5 fa11 | 6424 20c5 | 7a11 4424 | 28c5 fa11 
  0x0000029e87c511b0: 4424 2c44 | 8954 2434 | 4489 4c24 | 3889 7c24 

  0x0000029e87c511c0: ;   {runtime_call UncommonTrapBlob}
  0x0000029e87c511c0: 3c66 90e8 

  0x0000029e87c511c4: ; ImmutableOopMap {[52]=NarrowOop [56]=NarrowOop [60]=NarrowOop }
                      ;*if_acmpeq {reexecute=1 rethrow=0 return_oop=0}
                      ; - (reexecute) com.badlogic.gdx.graphics.glutils.ShapeRenderer::check@22 (line 1183)
                      ; - com.badlogic.gdx.graphics.glutils.ShapeRenderer::line@35 (line 272)
                      ; - com.badlogic.gdx.graphics.glutils.ShapeRenderer::line@16 (line 252)
                      ; - com.badlogic.gdx.physics.box2d.Box2DDebugRenderer::drawSolidPolygon@144 (line 265)
                      ; - com.badlogic.gdx.physics.box2d.Box2DDebugRenderer::drawShape@215 (line 219)
  0x0000029e87c511c4: 3834 93ff 

  0x0000029e87c511c8: ;   {other}
  0x0000029e87c511c8: 0f1f 8400 | b81b 002e | ba45 ffff | ffc5 fa11 | 7424 20c5 | fa11 6424 | 24c5 7a11 | 4424 2cc5 
  0x0000029e87c511e8: fa11 4424 | 3044 8954 | 2438 4489 

  0x0000029e87c511f4: ;   {runtime_call UncommonTrapBlob}
  0x0000029e87c511f4: 4c24 3ce8 

  0x0000029e87c511f8: ; ImmutableOopMap {[56]=NarrowOop [60]=NarrowOop }
                      ;*ifeq {reexecute=1 rethrow=0 return_oop=0}
                      ; - (reexecute) com.badlogic.gdx.graphics.glutils.ShapeRenderer::check@138 (line 1193)
                      ; - com.badlogic.gdx.graphics.glutils.ShapeRenderer::line@35 (line 272)
                      ; - com.badlogic.gdx.graphics.glutils.ShapeRenderer::line@16 (line 252)
                      ; - com.badlogic.gdx.physics.box2d.Box2DDebugRenderer::drawSolidPolygon@144 (line 265)
                      ; - com.badlogic.gdx.physics.box2d.Box2DDebugRenderer::drawShape@215 (line 219)
  0x0000029e87c511f8: 0434 93ff 

  0x0000029e87c511fc: ;   {other}
  0x0000029e87c511fc: 0f1f 8400 | ec1b 002f | ba45 ffff | ffc5 fa11 | 7424 20c5 | fa11 6424 | 24c5 7a11 | 4424 2cc5 
  0x0000029e87c5121c: fa11 4424 | 3044 8954 | 2438 4489 

  0x0000029e87c51228: ;   {runtime_call UncommonTrapBlob}
  0x0000029e87c51228: 4c24 3ce8 

  0x0000029e87c5122c: ; ImmutableOopMap {[56]=NarrowOop [60]=NarrowOop }
                      ;*if_icmpge {reexecute=1 rethrow=0 return_oop=0}
                      ; - (reexecute) com.badlogic.gdx.graphics.glutils.ShapeRenderer::check@180 (line 1198)
                      ; - com.badlogic.gdx.graphics.glutils.ShapeRenderer::line@35 (line 272)
                      ; - com.badlogic.gdx.graphics.glutils.ShapeRenderer::line@16 (line 252)
                      ; - com.badlogic.gdx.physics.box2d.Box2DDebugRenderer::drawSolidPolygon@144 (line 265)
                      ; - com.badlogic.gdx.physics.box2d.Box2DDebugRenderer::drawShape@215 (line 219)
  0x0000029e87c5122c: d033 93ff 

  0x0000029e87c51230: ;   {other}
  0x0000029e87c51230: 0f1f 8400 | 201c 0030 

  0x0000029e87c51238: ;   {metadata('com/badlogic/gdx/physics/box2d/PolygonShape')}
  0x0000029e87c51238: 48ba 8017 | 0e90 9e02 

  0x0000029e87c51240: ;   {runtime_call _new_instance_Java}
  0x0000029e87c51240: 0000 90e8 

  0x0000029e87c51244: ; ImmutableOopMap {rbp=Oop [40]=Oop [48]=Oop [56]=Oop }
                      ;*new {reexecute=0 rethrow=0 return_oop=1}
                      ; - com.badlogic.gdx.physics.box2d.Fixture::getShape@99 (line 108)
                      ; - com.badlogic.gdx.physics.box2d.Box2DDebugRenderer::drawShape@152 (line 213)
  0x0000029e87c51244: b8e4 9fff 

  0x0000029e87c51248: ;   {other}
  0x0000029e87c51248: 0f1f 8400 | 381c 0031 | 488b d8e9 | 11f2 ffff | 448b 5318 | 4585 d20f | 84eb f4ff | ff4d 8b5f 
  0x0000029e87c51268: 2849 8bca | 48c1 e103 | 4d85 db0f | 84eb 0400 | 004d 8b57 | 384b 894c | 1af8 4983 | c3f8 4d89 
  0x0000029e87c51288: 5f28 e9c1 | f4ff ff44 | 8b55 1c45 | 85d2 0f84 | fff4 ffff | 4d8b 5f28 | 498b ca48 | c1e1 034d 
  0x0000029e87c512a8: 85db 0f84 | d104 0000 | 4d8b 5738 | 4b89 4c1a | f849 83c3 | f84d 895f | 28e9 d5f4 | ffff 4d8b 
  0x0000029e87c512c8: 5758 4d8b | 5f48 f083 | 4424 c000 | 8039 000f | 8428 f4ff | ff44 8821 | 4d85 db75 | 1d49 8bd7 
  0x0000029e87c512e8: 49ba 4012 | d31a ff7f | 0000 41ff 

  0x0000029e87c512f4: ;   {other}
  0x0000029e87c512f4: d20f 1f84 | 0000 0000 | 00e9 03f4 | ffff 4b89 | 4c1a f849 | 83c3 f84d | 895f 48e9 | f1f3 ffff 
  0x0000029e87c51314: 4d8b 5758 | 4d8b 5f48 | f083 4424 | c000 8039 | 000f 845c | f4ff ff44 | 8821 4d85 | db75 1d49 
  0x0000029e87c51334: 8bd7 49ba | 4012 d31a | ff7f 0000 

  0x0000029e87c51340: ;   {other}
  0x0000029e87c51340: 41ff d20f | 1f84 0000 | 0000 00e9 | 37f4 ffff | 4b89 4c1a | f849 83c3 | f84d 895f | 48e9 25f4 
  0x0000029e87c51360: ffff baf6 | ffff ffc5 

  0x0000029e87c51368: ;   {runtime_call UncommonTrapBlob}
  0x0000029e87c51368: f97e d5e8 

  0x0000029e87c5136c: ; ImmutableOopMap {}
                      ;*putfield x {reexecute=1 rethrow=0 return_oop=0}
                      ; - (reexecute) com.badlogic.gdx.physics.box2d.CircleShape::getPosition@22 (line 53)
                      ; - com.badlogic.gdx.physics.box2d.Box2DDebugRenderer::drawShape@24 (line 196)
  0x0000029e87c5136c: 9032 93ff 

  0x0000029e87c51370: ;   {other}
  0x0000029e87c51370: 0f1f 8400 | 601d 0032 | ba45 ffff | ff4c 8b54 | 2430 4c89 | 5424 204c | 8b54 2438 | 4c89 5424 
  0x0000029e87c51390: 3089 4424 

  0x0000029e87c51394: ;   {runtime_call UncommonTrapBlob}
  0x0000029e87c51394: 3866 90e8 

  0x0000029e87c51398: ; ImmutableOopMap {rbp=Oop [32]=Oop [40]=Oop [48]=Oop }
                      ;*tableswitch {reexecute=1 rethrow=0 return_oop=0}
                      ; - (reexecute) com.badlogic.gdx.physics.box2d.Fixture::getType@10 (line 65)
                      ; - com.badlogic.gdx.physics.box2d.Box2DDebugRenderer::drawShape@1 (line 194)
  0x0000029e87c51398: 6432 93ff 

  0x0000029e87c5139c: ;   {other}
  0x0000029e87c5139c: 0f1f 8400 | 8c1d 0033 | bae4 ffff | ff4c 8b5c | 2430 4c89 | 5c24 204c | 8b5c 2438 | 4c89 5c24 
  0x0000029e87c513bc: 304c 894c | 2448 4489 

  0x0000029e87c513c4: ;   {runtime_call UncommonTrapBlob}
  0x0000029e87c513c4: 5424 44e8 

  0x0000029e87c513c8: ; ImmutableOopMap {rbp=NarrowOop [32]=Oop [40]=Oop [48]=Oop [64]=NarrowOop [68]=NarrowOop [72]=Oop }
                      ;*faload {reexecute=0 rethrow=0 return_oop=0}
                      ; - com.badlogic.gdx.physics.box2d.CircleShape::getPosition@21 (line 53)
                      ; - com.badlogic.gdx.physics.box2d.Box2DDebugRenderer::drawShape@24 (line 196)
  0x0000029e87c513c8: 3432 93ff 

  0x0000029e87c513cc: ;   {other}
  0x0000029e87c513cc: 0f1f 8400 | bc1d 0034 | bae4 ffff | ff4c 8b44 | 2430 4c89 | 4424 204c | 8b44 2438 | 4c89 4424 
  0x0000029e87c513ec: 304c 894c | 2440 4489 

  0x0000029e87c513f4: ;   {runtime_call UncommonTrapBlob}
  0x0000029e87c513f4: 5c24 48e8 

  0x0000029e87c513f8: ; ImmutableOopMap {rbp=NarrowOop [32]=Oop [40]=Oop [48]=Oop [64]=Oop [72]=NarrowOop }
                      ;*faload {reexecute=0 rethrow=0 return_oop=0}
                      ; - com.badlogic.gdx.physics.box2d.Transform::mul@5 (line 58)
                      ; - com.badlogic.gdx.physics.box2d.Box2DDebugRenderer::drawShape@35 (line 197)
  0x0000029e87c513f8: 0432 93ff 

  0x0000029e87c513fc: ;   {other}
  0x0000029e87c513fc: 0f1f 8400 | ec1d 0035 | bae4 ffff | ff4c 8b54 | 2438 4c89 | 5424 2844 | 8b54 2440 | 4489 5424 
  0x0000029e87c5141c: 38c5 fa11 | 4424 3c44 | 894c 2440 

  0x0000029e87c51428: ;   {runtime_call UncommonTrapBlob}
  0x0000029e87c51428: 6666 90e8 

  0x0000029e87c5142c: ; ImmutableOopMap {rbp=NarrowOop [32]=Oop [40]=Oop [48]=Oop [56]=NarrowOop [64]=NarrowOop }
                      ;*faload {reexecute=0 rethrow=0 return_oop=0}
                      ; - com.badlogic.gdx.physics.box2d.Box2DDebugRenderer::drawShape@56 (line 198)
  0x0000029e87c5142c: d031 93ff 

  0x0000029e87c51430: ;   {other}
  0x0000029e87c51430: 0f1f 8400 | 201e 0036 | ba45 ffff | ff4c 8b54 | 2430 4c89 | 5424 204c | 8b54 2438 | 4c89 5424 
  0x0000029e87c51450: 3089 4424 

  0x0000029e87c51454: ;   {runtime_call UncommonTrapBlob}
  0x0000029e87c51454: 3866 90e8 

  0x0000029e87c51458: ; ImmutableOopMap {rbp=Oop [32]=Oop [40]=Oop [48]=Oop }
                      ;*tableswitch {reexecute=1 rethrow=0 return_oop=0}
                      ; - (reexecute) com.badlogic.gdx.physics.box2d.Fixture::getType@10 (line 65)
                      ; - com.badlogic.gdx.physics.box2d.Box2DDebugRenderer::drawShape@142 (line 212)
  0x0000029e87c51458: a431 93ff 

  0x0000029e87c5145c: ;   {other}
  0x0000029e87c5145c: 0f1f 8400 | 4c1e 0037 

  0x0000029e87c51464: ;   {metadata('com/badlogic/gdx/physics/box2d/PolygonShape')}
  0x0000029e87c51464: 48ba 8017 | 0e90 9e02 

  0x0000029e87c5146c: ;   {runtime_call _new_instance_Java}
  0x0000029e87c5146c: 0000 90e8 

  0x0000029e87c51470: ; ImmutableOopMap {rbp=Oop [40]=Oop [48]=Oop [56]=Oop }
                      ;*new {reexecute=0 rethrow=0 return_oop=1}
                      ; - com.badlogic.gdx.physics.box2d.Fixture::getShape@99 (line 108)
                      ; - com.badlogic.gdx.physics.box2d.Box2DDebugRenderer::drawShape@11 (line 195)
  0x0000029e87c51470: 8ce2 9fff 

  0x0000029e87c51474: ;   {other}
  0x0000029e87c51474: 0f1f 8400 | 641e 0038 | 488b d8e9 | fdf0 ffff | 448b 5d1c | 4585 db0f | 840e f5ff | ff4d 8b57 
  0x0000029e87c51494: 2849 8bcb | 48c1 e103 | 4d85 d20f | 8423 0300 | 004d 8b5f | 384b 894c | 13f8 4983 | c2f8 4d89 
  0x0000029e87c514b4: 5728 e9e4 | f4ff ff44 | 8b5b 1845 | 85db 0f84 | 8cf4 ffff | 4d8b 5728 | 498b cb48 | c1e1 034d 
  0x0000029e87c514d4: 85d2 0f84 | 0903 0000 | 4d8b 5f38 | 4b89 4c13 | f849 83c2 | f84d 8957 | 28e9 62f4 | ffff 4d8b 
  0x0000029e87c514f4: 5758 4d8b | 5f48 f083 | 4424 c000 | 8039 000f | 8482 f4ff | ff44 8821 | 4d85 db75 | 1d49 8bd7 
  0x0000029e87c51514: 49ba 4012 | d31a ff7f | 0000 41ff 

  0x0000029e87c51520: ;   {other}
  0x0000029e87c51520: d20f 1f84 | 0000 0000 | 00e9 5df4 | ffff 4b89 | 4c1a f849 | 83c3 f84d | 895f 48e9 | 4bf4 ffff 
  0x0000029e87c51540: 4d8b 5758 | 4d8b 5f48 | f083 4424 | c000 8039 | 000f 84b2 | f3ff ff44 | 8821 4d85 | db75 1d49 
  0x0000029e87c51560: 8bd7 49ba | 4012 d31a | ff7f 0000 

  0x0000029e87c5156c: ;   {other}
  0x0000029e87c5156c: 41ff d20f | 1f84 0000 | 0000 00e9 | 8df3 ffff | 4b89 4c1a | f849 83c3 | f84d 895f | 48e9 7bf3 
  0x0000029e87c5158c: ffff 4889 | 5c24 404c | 8b54 2458 | 4c89 5424 

  0x0000029e87c5159c: ;   {metadata('com/badlogic/gdx/math/Vector2')}
  0x0000029e87c5159c: 2048 bad0 | 3709 909e 

  0x0000029e87c515a4: ;   {runtime_call _new_instance_Java}
  0x0000029e87c515a4: 0200 00e8 

  0x0000029e87c515a8: ; ImmutableOopMap {rbp=Oop [40]=Oop [48]=Oop [56]=Oop [64]=Oop [96]=NarrowOop }
                      ;*new {reexecute=0 rethrow=0 return_oop=1}
                      ; - com.badlogic.gdx.physics.box2d.CircleShape::<init>@12 (line 49)
                      ; - com.badlogic.gdx.physics.box2d.Fixture::getShape@74 (line 102)
                      ; - com.badlogic.gdx.physics.box2d.Box2DDebugRenderer::drawShape@152 (line 213)
  0x0000029e87c515a8: 54e1 9fff 

  0x0000029e87c515ac: ;   {other}
  0x0000029e87c515ac: 0f1f 8400 | 9c1f 0039 | 4c8b 5c24 | 204c 895c | 2458 4c8b | 5c24 4048 | 8bf8 498b | dbe9 77f1 
  0x0000029e87c515cc: ;   {metadata('com/badlogic/gdx/physics/box2d/CircleShape')}
  0x0000029e87c515cc: ffff 48ba | 2815 0e90 | 9e02 0000 

  0x0000029e87c515d8: ;   {runtime_call _new_instance_Java}
  0x0000029e87c515d8: 6666 90e8 

  0x0000029e87c515dc: ; ImmutableOopMap {rbp=Oop [40]=Oop [48]=Oop [56]=Oop }
                      ;*new {reexecute=0 rethrow=0 return_oop=1}
                      ; - com.badlogic.gdx.physics.box2d.Fixture::getShape@69 (line 102)
                      ; - com.badlogic.gdx.physics.box2d.Box2DDebugRenderer::drawShape@152 (line 213)
  0x0000029e87c515dc: 20e1 9fff 

  0x0000029e87c515e0: ;   {other}
  0x0000029e87c515e0: 0f1f 8400 | d01f 003a | 488b d8e9 | 7ff0 ffff 

  0x0000029e87c515f0: ;   {metadata({type array float})}
  0x0000029e87c515f0: 48ba 981e | 008f 9e02 | 0000 41b8 | 0200 0000 | 4889 5c24 | 5048 895c 

  0x0000029e87c51608: ;   {runtime_call _new_array_Java}
  0x0000029e87c51608: 2460 90e8 

  0x0000029e87c5160c: ; ImmutableOopMap {rbp=Oop [40]=Oop [48]=Oop [56]=Oop [80]=Oop [96]=Oop }
                      ;*newarray {reexecute=0 rethrow=0 return_oop=1}
                      ; - com.badlogic.gdx.physics.box2d.CircleShape::<init>@6 (line 48)
                      ; - com.badlogic.gdx.physics.box2d.Fixture::getShape@74 (line 102)
                      ; - com.badlogic.gdx.physics.box2d.Box2DDebugRenderer::drawShape@152 (line 213)
  0x0000029e87c5160c: f0e3 9fff 

  0x0000029e87c51610: ;   {other}
  0x0000029e87c51610: 0f1f 8400 | 0020 003b | 488b 5c24 | 50e9 a0f0 

  0x0000029e87c51620: ;   {metadata({type array float})}
  0x0000029e87c51620: ffff 48ba | 981e 008f | 9e02 0000 | 41b8 0200 | 0000 4889 | 5c24 5048 | 895c 2460 

  0x0000029e87c5163c: ;   {runtime_call _new_array_Java}
  0x0000029e87c5163c: 6666 90e8 

  0x0000029e87c51640: ; ImmutableOopMap {rbp=Oop [40]=Oop [48]=Oop [56]=Oop [80]=Oop [96]=Oop }
                      ;*newarray {reexecute=0 rethrow=0 return_oop=1}
                      ; - com.badlogic.gdx.physics.box2d.CircleShape::<init>@6 (line 48)
                      ; - com.badlogic.gdx.physics.box2d.Fixture::getShape@74 (line 102)
                      ; - com.badlogic.gdx.physics.box2d.Box2DDebugRenderer::drawShape@11 (line 195)
  0x0000029e87c51640: bce3 9fff 

  0x0000029e87c51644: ;   {other}
  0x0000029e87c51644: 0f1f 8400 | 3420 003c | 488b 5c24 | 50e9 70f2 

  0x0000029e87c51654: ;   {metadata('com/badlogic/gdx/physics/box2d/CircleShape')}
  0x0000029e87c51654: ffff 48ba | 2815 0e90 | 9e02 0000 

  0x0000029e87c51660: ;   {runtime_call _new_instance_Java}
  0x0000029e87c51660: 6666 90e8 

  0x0000029e87c51664: ; ImmutableOopMap {rbp=Oop [40]=Oop [48]=Oop [56]=Oop }
                      ;*new {reexecute=0 rethrow=0 return_oop=1}
                      ; - com.badlogic.gdx.physics.box2d.Fixture::getShape@69 (line 102)
                      ; - com.badlogic.gdx.physics.box2d.Box2DDebugRenderer::drawShape@11 (line 195)
  0x0000029e87c51664: 98e0 9fff 

  0x0000029e87c51668: ;   {other}
  0x0000029e87c51668: 0f1f 8400 | 5820 003d | 488b d8e9 | fbf1 ffff | 4889 5c24 | 404c 8b54 | 2458 4c89 

  0x0000029e87c51684: ;   {metadata('com/badlogic/gdx/math/Vector2')}
  0x0000029e87c51684: 5424 2048 | bad0 3709 | 909e 0200 

  0x0000029e87c51690: ;   {runtime_call _new_instance_Java}
  0x0000029e87c51690: 0066 90e8 

  0x0000029e87c51694: ; ImmutableOopMap {rbp=Oop [40]=Oop [48]=Oop [56]=Oop [64]=Oop [96]=NarrowOop }
                      ;*new {reexecute=0 rethrow=0 return_oop=1}
                      ; - com.badlogic.gdx.physics.box2d.CircleShape::<init>@12 (line 49)
                      ; - com.badlogic.gdx.physics.box2d.Fixture::getShape@74 (line 102)
                      ; - com.badlogic.gdx.physics.box2d.Box2DDebugRenderer::drawShape@11 (line 195)
  0x0000029e87c51694: 68e0 9fff 

  0x0000029e87c51698: ;   {other}
  0x0000029e87c51698: 0f1f 8400 | 8820 003e | 4c8b 5c24 | 204c 895c | 2458 4c8b | 5c24 4048 | 8bf8 498b | dbe9 8ff2 
  0x0000029e87c516b8: ffff ba3b | 0000 0048 | 8b6c 2430 | 4c8b 5424 | 284c 8954 

  0x0000029e87c516cc: ;   {runtime_call UncommonTrapBlob}
  0x0000029e87c516cc: 2420 90e8 

  0x0000029e87c516d0: ; ImmutableOopMap {rbp=Oop [32]=Oop [56]=Oop }
                      ;*new {reexecute=0 rethrow=0 return_oop=0}
                      ; - com.badlogic.gdx.physics.box2d.Fixture::getShape@22 (line 97)
                      ; - com.badlogic.gdx.physics.box2d.Box2DDebugRenderer::drawShape@152 (line 213)
  0x0000029e87c516d0: 2c2f 93ff 

  0x0000029e87c516d4: ;   {other}
  0x0000029e87c516d4: 0f1f 8400 | c420 003f | 498b d749 | ba60 12d3 | 1aff 7f00 | 0041 ffd2 

  0x0000029e87c516ec: ;   {other}
  0x0000029e87c516ec: 0f1f 8400 | 0000 0000 | e984 edff | ffba 3b00 | 0000 488b | 6c24 304c | 8b54 2428 | 4c89 5424 
  0x0000029e87c5170c: ;   {runtime_call UncommonTrapBlob}
  0x0000029e87c5170c: 2066 90e8 

  0x0000029e87c51710: ; ImmutableOopMap {rbp=Oop [32]=Oop [56]=Oop }
                      ;*new {reexecute=0 rethrow=0 return_oop=0}
                      ; - com.badlogic.gdx.physics.box2d.Fixture::getShape@22 (line 97)
                      ; - com.badlogic.gdx.physics.box2d.Box2DDebugRenderer::drawShape@11 (line 195)
  0x0000029e87c51710: ec2e 93ff 

  0x0000029e87c51714: ;   {other}
  0x0000029e87c51714: 0f1f 8400 | 0421 0040 | 498b d749 | ba60 12d3 | 1aff 7f00 | 0041 ffd2 

  0x0000029e87c5172c: ;   {other}
  0x0000029e87c5172c: 0f1f 8400 | 0000 0000 | e95c eeff | ffba 45ff | ffff 4c8b | 5424 304c | 8954 2420 | 4c8b 5424 
  0x0000029e87c5174c: 384c 8954 | 2430 8944 

  0x0000029e87c51754: ;   {runtime_call UncommonTrapBlob}
  0x0000029e87c51754: 2440 90e8 

  0x0000029e87c51758: ; ImmutableOopMap {rbp=Oop [32]=Oop [40]=Oop [48]=Oop }
                      ;*tableswitch {reexecute=1 rethrow=0 return_oop=0}
                      ; - (reexecute) com.badlogic.gdx.physics.box2d.Fixture::getShape@38 (line 100)
                      ; - com.badlogic.gdx.physics.box2d.Box2DDebugRenderer::drawShape@152 (line 213)
  0x0000029e87c51758: a42e 93ff 

  0x0000029e87c5175c: ;   {other}
  0x0000029e87c5175c: 0f1f 8400 | 4c21 0041 | 498b d749 | ba60 12d3 | 1aff 7f00 | 0041 ffd2 

  0x0000029e87c51774: ;   {other}
  0x0000029e87c51774: 0f1f 8400 | 0000 0000 | e9cf efff | ff49 8bd7 | 49ba 6012 | d31a ff7f | 0000 41ff 

  0x0000029e87c51790: ;   {other}
  0x0000029e87c51790: d20f 1f84 | 0000 0000 | 00e9 fdef | ffff ba45 | ffff ff4c | 8b54 2430 | 4c89 5424 | 204c 8b54 
  0x0000029e87c517b0: 2438 4c89 | 5424 3089 

  0x0000029e87c517b8: ;   {runtime_call UncommonTrapBlob}
  0x0000029e87c517b8: 4424 40e8 

  0x0000029e87c517bc: ; ImmutableOopMap {rbp=Oop [32]=Oop [40]=Oop [48]=Oop }
                      ;*tableswitch {reexecute=1 rethrow=0 return_oop=0}
                      ; - (reexecute) com.badlogic.gdx.physics.box2d.Fixture::getShape@38 (line 100)
                      ; - com.badlogic.gdx.physics.box2d.Box2DDebugRenderer::drawShape@11 (line 195)
  0x0000029e87c517bc: 402e 93ff 

  0x0000029e87c517c0: ;   {other}
  0x0000029e87c517c0: 0f1f 8400 | b021 0042 | 498b d749 | ba60 12d3 | 1aff 7f00 | 0041 ffd2 

  0x0000029e87c517d8: ;   {other}
  0x0000029e87c517d8: 0f1f 8400 | 0000 0000 | e9ba f1ff | ff49 8bd7 | 49ba 6012 | d31a ff7f | 0000 41ff 

  0x0000029e87c517f4: ;   {other}
  0x0000029e87c517f4: d20f 1f84 | 0000 0000 | 00e9 52f1 | ffff bade | ffff ff4c | 8b54 2430 | 4c89 5424 

  0x0000029e87c51810: ;   {runtime_call UncommonTrapBlob}
  0x0000029e87c51810: 2066 90e8 

  0x0000029e87c51814: ; ImmutableOopMap {rbp=NarrowOop [32]=Oop [40]=Oop [56]=Oop }
                      ;*checkcast {reexecute=0 rethrow=0 return_oop=0}
                      ; - com.badlogic.gdx.physics.box2d.Box2DDebugRenderer::drawShape@155 (line 213)
  0x0000029e87c51814: e82d 93ff 

  0x0000029e87c51818: ;   {other}
  0x0000029e87c51818: 0f1f 8400 | 0822 0043 | bade ffff | ff4c 8b54 | 2430 4c89 

  0x0000029e87c5182c: ;   {runtime_call UncommonTrapBlob}
  0x0000029e87c5182c: 5424 20e8 

  0x0000029e87c51830: ; ImmutableOopMap {rbp=NarrowOop [32]=Oop [40]=Oop [56]=Oop }
                      ;*checkcast {reexecute=0 rethrow=0 return_oop=0}
                      ; - com.badlogic.gdx.physics.box2d.Box2DDebugRenderer::drawShape@14 (line 195)
  0x0000029e87c51830: cc2d 93ff 

  0x0000029e87c51834: ;   {other}
  0x0000029e87c51834: 0f1f 8400 | 2422 0044 | baf6 ffff 

  0x0000029e87c51840: ;   {runtime_call UncommonTrapBlob}
  0x0000029e87c51840: ff66 90e8 

  0x0000029e87c51844: ; ImmutableOopMap {}
                      ;*getfield x {reexecute=1 rethrow=0 return_oop=0}
                      ; - (reexecute) com.badlogic.gdx.physics.box2d.Box2DDebugRenderer::drawSolidPolygon@80 (line 262)
                      ; - com.badlogic.gdx.physics.box2d.Box2DDebugRenderer::drawShape@215 (line 219)
  0x0000029e87c51844: b82d 93ff 

  0x0000029e87c51848: ;   {other}
  0x0000029e87c51848: 0f1f 8400 | 3822 0045 | baf6 ffff 

  0x0000029e87c51854: ;   {runtime_call UncommonTrapBlob}
  0x0000029e87c51854: ff66 90e8 

  0x0000029e87c51858: ; ImmutableOopMap {}
                      ;*faload {reexecute=0 rethrow=0 return_oop=0}
                      ; - com.badlogic.gdx.physics.box2d.PolygonShape::getVertex@17 (line 124)
                      ; - com.badlogic.gdx.physics.box2d.Box2DDebugRenderer::drawShape@187 (line 216)
  0x0000029e87c51858: a42d 93ff 

  0x0000029e87c5185c: ;   {other}
  0x0000029e87c5185c: 0f1f 8400 | 4c22 0046 | baf6 ffff 

  0x0000029e87c51868: ;   {runtime_call UncommonTrapBlob}
  0x0000029e87c51868: ff66 90e8 

  0x0000029e87c5186c: ; ImmutableOopMap {}
                      ;*faload {reexecute=0 rethrow=0 return_oop=0}
                      ; - com.badlogic.gdx.physics.box2d.Transform::mul@5 (line 58)
                      ; - com.badlogic.gdx.physics.box2d.Box2DDebugRenderer::drawShape@197 (line 217)
  0x0000029e87c5186c: 902d 93ff 

  0x0000029e87c51870: ;   {other}
  0x0000029e87c51870: 0f1f 8400 | 6022 0047 | baf6 ffff 

  0x0000029e87c5187c: ;   {runtime_call UncommonTrapBlob}
  0x0000029e87c5187c: ff66 90e8 

  0x0000029e87c51880: ; ImmutableOopMap {}
                      ;*getfield x {reexecute=1 rethrow=0 return_oop=0}
                      ; - (reexecute) com.badlogic.gdx.physics.box2d.Transform::mul@13 (line 58)
                      ; - com.badlogic.gdx.physics.box2d.Box2DDebugRenderer::drawShape@197 (line 217)
  0x0000029e87c51880: 7c2d 93ff 

  0x0000029e87c51884: ;   {other}
  0x0000029e87c51884: 0f1f 8400 | 7422 0048 | baf6 ffff 

  0x0000029e87c51890: ;   {runtime_call UncommonTrapBlob}
  0x0000029e87c51890: ff66 90e8 

  0x0000029e87c51894: ; ImmutableOopMap {}
                      ;*invokevirtual getType {reexecute=0 rethrow=0 return_oop=0}
                      ; - com.badlogic.gdx.physics.box2d.Box2DDebugRenderer::drawShape@1 (line 194)
  0x0000029e87c51894: 682d 93ff 

  0x0000029e87c51898: ;   {other}
  0x0000029e87c51898: 0f1f 8400 | 8822 0049 | baf4 ffff | ff48 8b6c | 2430 4c8b | 5424 284c | 8954 2420 

  0x0000029e87c518b4: ;   {runtime_call UncommonTrapBlob}
  0x0000029e87c518b4: 6666 90e8 

  0x0000029e87c518b8: ; ImmutableOopMap {rbp=Oop [32]=Oop [56]=Oop }
                      ;*checkcast {reexecute=0 rethrow=0 return_oop=0}
                      ; - com.badlogic.gdx.physics.box2d.Box2DDebugRenderer::drawShape@155 (line 213)
  0x0000029e87c518b8: 442d 93ff 

  0x0000029e87c518bc: ;   {other}
  0x0000029e87c518bc: 0f1f 8400 | ac22 004a | baf6 ffff 

  0x0000029e87c518c8: ;   {runtime_call UncommonTrapBlob}
  0x0000029e87c518c8: ff66 90e8 

  0x0000029e87c518cc: ; ImmutableOopMap {}
                      ;*getfield r {reexecute=1 rethrow=0 return_oop=0}
                      ; - (reexecute) com.badlogic.gdx.physics.box2d.Box2DDebugRenderer::drawSolidPolygon@5 (line 257)
                      ; - com.badlogic.gdx.physics.box2d.Box2DDebugRenderer::drawShape@215 (line 219)
  0x0000029e87c518cc: 302d 93ff 

  0x0000029e87c518d0: ;   {other}
  0x0000029e87c518d0: 0f1f 8400 | c022 004b | baf6 ffff | ffc5 f97e | ddc5 fa11 | 6c24 20c5 | fa11 6424 | 24c5 fa11 
  0x0000029e87c518f0: ;   {runtime_call UncommonTrapBlob}
  0x0000029e87c518f0: 7c24 28e8 

  0x0000029e87c518f4: ; ImmutableOopMap {}
                      ;*invokevirtual setColor {reexecute=0 rethrow=0 return_oop=0}
                      ; - com.badlogic.gdx.physics.box2d.Box2DDebugRenderer::drawSolidPolygon@20 (line 257)
                      ; - com.badlogic.gdx.physics.box2d.Box2DDebugRenderer::drawShape@215 (line 219)
  0x0000029e87c518f4: 082d 93ff 

  0x0000029e87c518f8: ;   {other}
  0x0000029e87c518f8: 0f1f 8400 | e822 004c | baf6 ffff | ffc5 f97e | ddc5 fa11 | 6c24 20c5 | fa11 6424 | 24c5 fa11 
  0x0000029e87c51918: ;   {runtime_call UncommonTrapBlob}
  0x0000029e87c51918: 7c24 28e8 

  0x0000029e87c5191c: ; ImmutableOopMap {}
                      ;*invokevirtual set {reexecute=0 rethrow=0 return_oop=0}
                      ; - com.badlogic.gdx.graphics.glutils.ShapeRenderer::setColor@9 (line 131)
                      ; - com.badlogic.gdx.physics.box2d.Box2DDebugRenderer::drawSolidPolygon@20 (line 257)
                      ; - com.badlogic.gdx.physics.box2d.Box2DDebugRenderer::drawShape@215 (line 219)
  0x0000029e87c5191c: e02c 93ff 

  0x0000029e87c51920: ;   {other}
  0x0000029e87c51920: 0f1f 8400 | 1023 004d | baf6 ffff 

  0x0000029e87c5192c: ;   {runtime_call UncommonTrapBlob}
  0x0000029e87c5192c: ff66 90e8 

  0x0000029e87c51930: ; ImmutableOopMap {}
                      ;*getfield x {reexecute=1 rethrow=0 return_oop=0}
                      ; - (reexecute) com.badlogic.gdx.math.Vector2::set@2 (line 81)
                      ; - com.badlogic.gdx.physics.box2d.Box2DDebugRenderer::drawSolidPolygon@30 (line 258)
                      ; - com.badlogic.gdx.physics.box2d.Box2DDebugRenderer::drawShape@215 (line 219)
  0x0000029e87c51930: cc2c 93ff 

  0x0000029e87c51934: ;   {other}
  0x0000029e87c51934: 0f1f 8400 | 2423 004e | baf6 ffff 

  0x0000029e87c51940: ;   {runtime_call UncommonTrapBlob}
  0x0000029e87c51940: ff66 90e8 

  0x0000029e87c51944: ; ImmutableOopMap {}
                      ;*invokeinterface getMaxVertices {reexecute=0 rethrow=0 return_oop=0}
                      ; - com.badlogic.gdx.graphics.glutils.ShapeRenderer::check@164 (line 1198)
                      ; - com.badlogic.gdx.graphics.glutils.ShapeRenderer::line@35 (line 272)
                      ; - com.badlogic.gdx.graphics.glutils.ShapeRenderer::line@16 (line 252)
                      ; - com.badlogic.gdx.physics.box2d.Box2DDebugRenderer::drawSolidPolygon@144 (line 265)
                      ; - com.badlogic.gdx.physics.box2d.Box2DDebugRenderer::drawShape@215 (line 219)
  0x0000029e87c51944: b82c 93ff 

  0x0000029e87c51948: ;   {other}
  0x0000029e87c51948: 0f1f 8400 | 3823 004f | baf6 ffff | ffc4 c179 | 6ece c5fa | 114c 2420 

  0x0000029e87c51960: ;   {runtime_call UncommonTrapBlob}
  0x0000029e87c51960: 6666 90e8 

  0x0000029e87c51964: ; ImmutableOopMap {}
                      ;*fastore {reexecute=0 rethrow=0 return_oop=0}
                      ; - com.badlogic.gdx.graphics.glutils.ImmediateModeRenderer20::color@21 (line 117)
                      ; - com.badlogic.gdx.graphics.glutils.ShapeRenderer::line@62 (line 273)
                      ; - com.badlogic.gdx.graphics.glutils.ShapeRenderer::line@16 (line 252)
                      ; - com.badlogic.gdx.physics.box2d.Box2DDebugRenderer::drawSolidPolygon@144 (line 265)
                      ; - com.badlogic.gdx.physics.box2d.Box2DDebugRenderer::drawShape@215 (line 219)
  0x0000029e87c51964: 982c 93ff 

  0x0000029e87c51968: ;   {other}
  0x0000029e87c51968: 0f1f 8400 | 5823 0050 | baf4 ffff | ff48 8b6c | 2430 4c8b | 5424 284c | 8954 2420 

  0x0000029e87c51984: ;   {runtime_call UncommonTrapBlob}
  0x0000029e87c51984: 6666 90e8 

  0x0000029e87c51988: ; ImmutableOopMap {rbp=Oop [32]=Oop [56]=Oop }
                      ;*checkcast {reexecute=0 rethrow=0 return_oop=0}
                      ; - com.badlogic.gdx.physics.box2d.Box2DDebugRenderer::drawShape@14 (line 195)
  0x0000029e87c51988: 742c 93ff 

  0x0000029e87c5198c: ;   {other}
  0x0000029e87c5198c: 0f1f 8400 | 7c23 0051 | baf6 ffff 

  0x0000029e87c51998: ;   {runtime_call UncommonTrapBlob}
  0x0000029e87c51998: ff66 90e8 

  0x0000029e87c5199c: ; ImmutableOopMap {}
                      ;*faload {reexecute=0 rethrow=0 return_oop=0}
                      ; - com.badlogic.gdx.physics.box2d.CircleShape::getPosition@21 (line 53)
                      ; - com.badlogic.gdx.physics.box2d.Box2DDebugRenderer::drawShape@24 (line 196)
  0x0000029e87c5199c: 602c 93ff 

  0x0000029e87c519a0: ;   {other}
  0x0000029e87c519a0: 0f1f 8400 | 9023 0052 | baf6 ffff 

  0x0000029e87c519ac: ;   {runtime_call UncommonTrapBlob}
  0x0000029e87c519ac: ff66 90e8 

  0x0000029e87c519b0: ; ImmutableOopMap {rbp=NarrowOop }
                      ;*invokevirtual set {reexecute=0 rethrow=0 return_oop=0}
                      ; - com.badlogic.gdx.physics.box2d.Box2DDebugRenderer::drawShape@27 (line 196)
  0x0000029e87c519b0: 4c2c 93ff 

  0x0000029e87c519b4: ;   {other}
  0x0000029e87c519b4: 0f1f 8400 | a423 0053 | baf6 ffff | ff41 8beb 

  0x0000029e87c519c4: ;   {runtime_call UncommonTrapBlob}
  0x0000029e87c519c4: 6666 90e8 

  0x0000029e87c519c8: ; ImmutableOopMap {rbp=NarrowOop }
                      ;*invokevirtual mul {reexecute=0 rethrow=0 return_oop=0}
                      ; - com.badlogic.gdx.physics.box2d.Box2DDebugRenderer::drawShape@35 (line 197)
  0x0000029e87c519c8: 342c 93ff 

  0x0000029e87c519cc: ;   {other}
  0x0000029e87c519cc: 0f1f 8400 | bc23 0054 | baf6 ffff 

  0x0000029e87c519d8: ;   {runtime_call UncommonTrapBlob}
  0x0000029e87c519d8: ff66 90e8 

  0x0000029e87c519dc: ; ImmutableOopMap {}
                      ;*faload {reexecute=0 rethrow=0 return_oop=0}
                      ; - com.badlogic.gdx.physics.box2d.Transform::mul@5 (line 58)
                      ; - com.badlogic.gdx.physics.box2d.Box2DDebugRenderer::drawShape@35 (line 197)
  0x0000029e87c519dc: 202c 93ff 

  0x0000029e87c519e0: ;   {other}
  0x0000029e87c519e0: 0f1f 8400 | d023 0055 | baf6 ffff 

  0x0000029e87c519ec: ;   {runtime_call UncommonTrapBlob}
  0x0000029e87c519ec: ff66 90e8 

  0x0000029e87c519f0: ; ImmutableOopMap {}
                      ;*getfield x {reexecute=1 rethrow=0 return_oop=0}
                      ; - (reexecute) com.badlogic.gdx.physics.box2d.Transform::mul@13 (line 58)
                      ; - com.badlogic.gdx.physics.box2d.Box2DDebugRenderer::drawShape@35 (line 197)
  0x0000029e87c519f0: 0c2c 93ff 

  0x0000029e87c519f4: ;   {other}
  0x0000029e87c519f4: 0f1f 8400 | e423 0056 | baf6 ffff 

  0x0000029e87c51a00: ;   {runtime_call UncommonTrapBlob}
  0x0000029e87c51a00: ff66 90e8 

  0x0000029e87c51a04: ; ImmutableOopMap {}
                      ;*faload {reexecute=0 rethrow=0 return_oop=0}
                      ; - com.badlogic.gdx.physics.box2d.Box2DDebugRenderer::drawShape@56 (line 198)
  0x0000029e87c51a04: f82b 93ff 

  0x0000029e87c51a08: ;   {other}
  0x0000029e87c51a08: 0f1f 8400 | f823 0057 | baf6 ffff | ffc5 f97e | cdc5 fa11 

  0x0000029e87c51a1c: ;   {runtime_call UncommonTrapBlob}
  0x0000029e87c51a1c: 5424 20e8 

  0x0000029e87c51a20: ; ImmutableOopMap {}
                      ;*invokevirtual set {reexecute=0 rethrow=0 return_oop=0}
                      ; - com.badlogic.gdx.physics.box2d.Box2DDebugRenderer::drawShape@63 (line 198)
  0x0000029e87c51a20: dc2b 93ff 

  0x0000029e87c51a24: ;   {other}
  0x0000029e87c51a24: 0f1f 8400 | 1424 0058 | eb10 eb0e | eb0c eb11 | eb0f eb0d | eb04 eb09 | eb00 488b | d0eb 2deb 
  0x0000029e87c51a44: 0048 8bd0 | eb26 488b | d0eb 2148 | 8bd0 eb1c | 488b d0eb | 1748 8bd0 | eb12 488b | d0eb 0d48 
  0x0000029e87c51a64: 8bd0 eb08 | 488b d0eb | 0348 8bd0 | 4881 c480 | 0000 005d 

  0x0000029e87c51a78: ;   {runtime_call _rethrow_Java}
  0x0000029e87c51a78: e903 1ca0 

  0x0000029e87c51a7c: ;   {internal_word}
  0x0000029e87c51a7c: ff49 babc | 01c5 879e | 0200 004d | 8997 6004 

  0x0000029e87c51a8c: ;   {runtime_call SafepointBlob}
  0x0000029e87c51a8c: 0000 e96d | 3c93 ff48 | 83ec 08c5 | fb11 1424 

  0x0000029e87c51a9c: ;   {runtime_call StubRoutines (initial stubs)}
  0x0000029e87c51a9c: e869 f68d | ff41 5ee9 | 75e3 ffff | 4883 ec08 | c5fb 111c 

  0x0000029e87c51ab0: ;   {runtime_call StubRoutines (initial stubs)}
  0x0000029e87c51ab0: 24e8 54f6 | 8dff 5de9 | 50e3 ffff | 4883 ec08 | c5fb 112c 

  0x0000029e87c51ac4: ;   {runtime_call StubRoutines (initial stubs)}
  0x0000029e87c51ac4: 24e8 40f6 | 8dff 5ee9 | 2ce3 ffff | 4883 ec08 | c5fb 110c 

  0x0000029e87c51ad8: ;   {runtime_call StubRoutines (initial stubs)}
  0x0000029e87c51ad8: 24e8 2cf6 | 8dff 5ae9 | 03e3 ffff 

  0x0000029e87c51ae4: ;   {runtime_call StubRoutines (final stubs)}
  0x0000029e87c51ae4: e877 3291 | ffe9 90df | ffff f4f4 
[Stub Code]
  0x0000029e87c51af0: ;   {no_reloc}
  0x0000029e87c51af0: 48bb 0000 | 0000 0000 

  0x0000029e87c51af8: ;   {runtime_call nmethod}
  0x0000029e87c51af8: 0000 e9fb 

  0x0000029e87c51afc: ;   {static_stub}
  0x0000029e87c51afc: ffff ff48 | bb00 0000 | 0000 0000 

  0x0000029e87c51b08: ;   {runtime_call nmethod}
  0x0000029e87c51b08: 00e9 fbff 

  0x0000029e87c51b0c: ;   {static_stub}
  0x0000029e87c51b0c: ffff 48bb | 0000 0000 | 0000 0000 

  0x0000029e87c51b18: ;   {runtime_call nmethod}
  0x0000029e87c51b18: e9fb ffff 

  0x0000029e87c51b1c: ;   {static_stub}
  0x0000029e87c51b1c: ff48 bb00 | 0000 0000 

  0x0000029e87c51b24: ;   {runtime_call nmethod}
  0x0000029e87c51b24: 0000 00e9 | fbff ffff 

  0x0000029e87c51b2c: ;   {static_stub}
  0x0000029e87c51b2c: 48bb 0000 | 0000 0000 

  0x0000029e87c51b34: ;   {runtime_call nmethod}
  0x0000029e87c51b34: 0000 e9fb 

  0x0000029e87c51b38: ;   {static_stub}
  0x0000029e87c51b38: ffff ff48 | bb00 0000 | 0000 0000 

  0x0000029e87c51b44: ;   {runtime_call nmethod}
  0x0000029e87c51b44: 00e9 fbff 

  0x0000029e87c51b48: ;   {static_stub}
  0x0000029e87c51b48: ffff 48bb | 0000 0000 | 0000 0000 

  0x0000029e87c51b54: ;   {runtime_call nmethod}
  0x0000029e87c51b54: e9fb ffff 

  0x0000029e87c51b58: ;   {static_stub}
  0x0000029e87c51b58: ff48 bb00 | 0000 0000 

  0x0000029e87c51b60: ;   {runtime_call nmethod}
  0x0000029e87c51b60: 0000 00e9 | fbff ffff 
[Exception Handler]
  0x0000029e87c51b68: ;   {runtime_call ExceptionBlob}
  0x0000029e87c51b68: e993 989f | ffe8 0000 | 0000 4883 

  0x0000029e87c51b74: ;   {runtime_call DeoptimizationBlob}
  0x0000029e87c51b74: 2c24 05e9 | 242e 93ff | f4f4 f4f4 
[/MachCode]


Compiled method (c1) 29593 2562       3       com.badlogic.gdx.physics.box2d.Box2DDebugRenderer::renderBodies (194 bytes)
 total in heap  [0x0000029e80511210,0x0000029e80512dd8] = 7112
 relocation     [0x0000029e80511370,0x0000029e805115a0] = 560
 main code      [0x0000029e805115a0,0x0000029e80512608] = 4200
 stub code      [0x0000029e80512608,0x0000029e80512778] = 368
 oops           [0x0000029e80512778,0x0000029e80512780] = 8
 metadata       [0x0000029e80512780,0x0000029e805127f8] = 120
 scopes data    [0x0000029e805127f8,0x0000029e805129f0] = 504
 scopes pcs     [0x0000029e805129f0,0x0000029e80512d40] = 848
 dependencies   [0x0000029e80512d40,0x0000029e80512d60] = 32
 nul chk table  [0x0000029e80512d60,0x0000029e80512dd8] = 120

[Constant Pool (empty)]

[MachCode]
[Entry Point]
  # {method} {0x0000029ed0a64db0} 'renderBodies' '(Lcom/badlogic/gdx/physics/box2d/World;)V' in 'com/badlogic/gdx/physics/box2d/Box2DDebugRenderer'
  # this:     rdx:rdx   = 'com/badlogic/gdx/physics/box2d/Box2DDebugRenderer'
  # parm0:    r8:r8     = 'com/badlogic/gdx/physics/box2d/World'
  #           [sp+0xb0]  (sp of caller)
  0x0000029e805115a0: 448b 5208 | 49bb 0000 | 008f 9e02 | 0000 4d03 | d34c 3bd0 

  0x0000029e805115b4: ;   {runtime_call ic_miss_stub}
  0x0000029e805115b4: 0f85 c6d1 | 0607 660f | 1f44 0000 
[Verified Entry Point]
  0x0000029e805115c0: 8984 2400 | 80ff ff55 | 4881 eca0 | 0000 0090 | 4181 7f20 | 0100 0000 

  0x0000029e805115d8: ;   {runtime_call StubRoutines (final stubs)}
  0x0000029e805115d8: 7405 e881 | 3705 0748 | 8954 2440 | 4c89 4424 

  0x0000029e805115e8: ;   {metadata(method data for {method} {0x0000029ed0a64db0} 'renderBodies' '(Lcom/badlogic/gdx/physics/box2d/World;)V' in 'com/badlogic/gdx/physics/box2d/Box2DDebugRenderer')}
  0x0000029e805115e8: 4848 be00 | 00af d09e | 0200 008b | becc 0000 | 0083 c702 | 89be cc00 | 0000 81e7 | fe07 0000 
  0x0000029e80511608: 85ff 0f84 | de0d 0000 | 8b72 1448 | c1e6 0348 | 3b06 488b 

  0x0000029e8051161c: ;   {metadata(method data for {method} {0x0000029ed0a64db0} 'renderBodies' '(Lcom/badlogic/gdx/physics/box2d/World;)V' in 'com/badlogic/gdx/physics/box2d/Box2DDebugRenderer')}
  0x0000029e8051161c: fe48 bb00 | 00af d09e 

  0x0000029e80511624: ;   {metadata('com/badlogic/gdx/graphics/glutils/ShapeRenderer')}
  0x0000029e80511624: 0200 0049 | bab0 c40d | 909e 0200 | 004c 8993 | 2001 0000 | 4883 8328 | 0100 0001 

  0x0000029e80511640: ;   {oop(a 'com/badlogic/gdx/graphics/glutils/ShapeRenderer$ShapeType'{0x000000070e82a218})}
  0x0000029e80511640: 49b8 18a2 | 820e 0700 | 0000 488b 

  0x0000029e8051164c: ;   {optimized virtual_call}
  0x0000029e8051164c: d666 90e8 

  0x0000029e80511650: ; ImmutableOopMap {[64]=Oop [72]=Oop }
                      ;*invokevirtual begin {reexecute=0 rethrow=0 return_oop=0}
                      ; - com.badlogic.gdx.physics.box2d.Box2DDebugRenderer::renderBodies@7 (line 91)
  0x0000029e80511650: ecfa 0200 

  0x0000029e80511654: ;   {other}
  0x0000029e80511654: 0f1f 8400 | 4404 0000 | 488b 5424 | 4044 0fbe | 420c 4585 

  0x0000029e80511668: ;   {metadata(method data for {method} {0x0000029ed0a64db0} 'renderBodies' '(Lcom/badlogic/gdx/physics/box2d/World;)V' in 'com/badlogic/gdx/physics/box2d/Box2DDebugRenderer')}
  0x0000029e80511668: c049 b800 | 00af d09e | 0200 0048 | c7c6 4801 | 0000 7507 | 48c7 c658 | 0100 0049 | 8b3c 3048 
  0x0000029e80511688: 8d7f 0149 | 893c 300f | 8534 0000 | 0044 0fbe | 420e 4585 

  0x0000029e8051169c: ;   {metadata(method data for {method} {0x0000029ed0a64db0} 'renderBodies' '(Lcom/badlogic/gdx/physics/box2d/World;)V' in 'com/badlogic/gdx/physics/box2d/Box2DDebugRenderer')}
  0x0000029e8051169c: c049 b800 | 00af d09e | 0200 0048 | c7c6 6801 | 0000 7407 | 48c7 c678 | 0100 0049 | 8b3c 3048 
  0x0000029e805116bc: 8d7f 0149 | 893c 300f | 841e 0400 | 004c 8b44 | 2448 493b | 0049 8bf0 

  0x0000029e805116d4: ;   {metadata(method data for {method} {0x0000029ed0a64db0} 'renderBodies' '(Lcom/badlogic/gdx/physics/box2d/World;)V' in 'com/badlogic/gdx/physics/box2d/Box2DDebugRenderer')}
  0x0000029e805116d4: 48bf 0000 | afd0 9e02 | 0000 4883 | 8788 0100 

  0x0000029e805116e4: ;   {oop(a 'com/badlogic/gdx/utils/Array'{0x000000070e850cc8})}
  0x0000029e805116e4: 0001 48be | c80c 850e | 0700 0000 | 498b f84c | 8bc6 488b | d748 8974 

  0x0000029e805116fc: ;   {optimized virtual_call}
  0x0000029e805116fc: 2450 90e8 

  0x0000029e80511700: ; ImmutableOopMap {[64]=Oop [72]=Oop [80]=Oop }
                      ;*invokevirtual getBodies {reexecute=0 rethrow=0 return_oop=0}
                      ; - com.badlogic.gdx.physics.box2d.Box2DDebugRenderer::renderBodies@28 (line 94)
  0x0000029e80511700: 5c19 0000 

  0x0000029e80511704: ;   {other}
  0x0000029e80511704: 0f1f 8400 | f404 0001 | 488b 7424 

  0x0000029e80511710: ;   {metadata(method data for {method} {0x0000029ed0a64db0} 'renderBodies' '(Lcom/badlogic/gdx/physics/box2d/World;)V' in 'com/badlogic/gdx/physics/box2d/Box2DDebugRenderer')}
  0x0000029e80511710: 5048 ba00 | 00af d09e | 0200 008b | 7608 49ba | 0000 008f | 9e02 0000 | 4903 f248 | 3bb2 d001 
  0x0000029e80511730: 0000 750d | 4883 82d8 | 0100 0001 | e960 0000 | 0048 3bb2 | e001 0000 | 750d 4883 | 82e8 0100 
  0x0000029e80511750: 0001 e94a | 0000 0048 | 83ba d001 | 0000 0075 | 1748 89b2 | d001 0000 | 48c7 82d8 | 0100 0001 
  0x0000029e80511770: 0000 00e9 | 2900 0000 | 4883 bae0 | 0100 0000 | 7517 4889 | b2e0 0100 | 0048 c782 | e801 0000 
  0x0000029e80511790: 0100 0000 | e908 0000 | 0048 8382 | c001 0000 | 0148 8b54 

  0x0000029e805117a4: ;   {optimized virtual_call}
  0x0000029e805117a4: 2450 90e8 

  0x0000029e805117a8: ; ImmutableOopMap {[64]=Oop [72]=Oop }
                      ;*invokevirtual iterator {reexecute=0 rethrow=0 return_oop=0}
                      ; - com.badlogic.gdx.physics.box2d.Box2DDebugRenderer::renderBodies@34 (line 95)
  0x0000029e805117a8: d4c9 6e07 

  0x0000029e805117ac: ;   {other}
  0x0000029e805117ac: 0f1f 8400 | 9c05 0002 | 4889 4424 | 580f 1f80 | 0000 0000 

  0x0000029e805117c0: ; implicit exception: dispatches to 0x0000029e80512419
  0x0000029e805117c0: 483b 0048 

  0x0000029e805117c4: ;   {metadata(method data for {method} {0x0000029ed0a64db0} 'renderBodies' '(Lcom/badlogic/gdx/physics/box2d/World;)V' in 'com/badlogic/gdx/physics/box2d/Box2DDebugRenderer')}
  0x0000029e805117c4: 8bf0 48bf | 0000 afd0 | 9e02 0000 

  0x0000029e805117d0: ;   {metadata('com/badlogic/gdx/utils/Array$ArrayIterator')}
  0x0000029e805117d0: 49ba 283c | 0390 9e02 | 0000 4c89 | 9708 0200 | 0048 8387 | 1002 0000 | 0148 8bd0 

  0x0000029e805117ec: ;   {optimized virtual_call}
  0x0000029e805117ec: 6666 90e8 

  0x0000029e805117f0: ; ImmutableOopMap {[64]=Oop [72]=Oop [88]=Oop }
                      ;*invokeinterface hasNext {reexecute=0 rethrow=0 return_oop=0}
                      ; - com.badlogic.gdx.physics.box2d.Box2DDebugRenderer::renderBodies@39 (line 95)
  0x0000029e805117f0: 4c4b 6d07 

  0x0000029e805117f4: ;   {other}
  0x0000029e805117f4: 0f1f 8400 | e405 0003 

  0x0000029e805117fc: ;   {metadata(method data for {method} {0x0000029ed0a64db0} 'renderBodies' '(Lcom/badlogic/gdx/physics/box2d/World;)V' in 'com/badlogic/gdx/physics/box2d/Box2DDebugRenderer')}
  0x0000029e805117fc: 85c0 48ba | 0000 afd0 | 9e02 0000 | 48c7 c630 | 0200 0074 | 0748 c7c6 | 4002 0000 | 488b 3c32 
  0x0000029e8051181c: 488d 7f01 | 4889 3c32 | 0f84 b802 | 0000 488b 

  0x0000029e8051182c: ;   {metadata(method data for {method} {0x0000029ed0a64db0} 'renderBodies' '(Lcom/badlogic/gdx/physics/box2d/World;)V' in 'com/badlogic/gdx/physics/box2d/Box2DDebugRenderer')}
  0x0000029e8051182c: 4424 5848 | ba00 00af | d09e 0200 

  0x0000029e80511838: ;   {metadata('com/badlogic/gdx/utils/Array$ArrayIterator')}
  0x0000029e80511838: 0049 ba28 | 3c03 909e | 0200 004c | 8992 6002 | 0000 4883 | 8268 0200 | 0001 488b 

  0x0000029e80511854: ;   {optimized virtual_call}
  0x0000029e80511854: 5424 58e8 

  0x0000029e80511858: ; ImmutableOopMap {[64]=Oop [72]=Oop [88]=Oop }
                      ;*invokeinterface next {reexecute=0 rethrow=0 return_oop=0}
                      ; - com.badlogic.gdx.physics.box2d.Box2DDebugRenderer::renderBodies@48 (line 96)
  0x0000029e80511858: e46d 6d07 

  0x0000029e8051185c: ;   {other}
  0x0000029e8051185c: 0f1f 8400 | 4c06 0004 | 4885 c075 

  0x0000029e80511868: ;   {metadata(method data for {method} {0x0000029ed0a64db0} 'renderBodies' '(Lcom/badlogic/gdx/physics/box2d/World;)V' in 'com/badlogic/gdx/physics/box2d/Box2DDebugRenderer')}
  0x0000029e80511868: 1648 ba00 | 00af d09e | 0200 0080 | 8a81 0200 | 0001 e9cd 

  0x0000029e8051187c: ;   {metadata('com/badlogic/gdx/physics/box2d/Body')}
  0x0000029e8051187c: 0000 0048 | bf30 240e | 909e 0200 | 0044 8b40 | 0849 ba00 | 0000 8f9e | 0200 004d | 03c2 493b 
  0x0000029e8051189c: f80f 858d 

  0x0000029e805118a0: ;   {metadata(method data for {method} {0x0000029ed0a64db0} 'renderBodies' '(Lcom/badlogic/gdx/physics/box2d/World;)V' in 'com/badlogic/gdx/physics/box2d/Box2DDebugRenderer')}
  0x0000029e805118a0: 0000 0048 | ba00 00af | d09e 0200 | 008b 7808 | 49ba 0000 | 008f 9e02 | 0000 4903 | fa48 3bba 
  0x0000029e805118c0: 9802 0000 | 750d 4883 | 82a0 0200 | 0001 e979 | 0000 0048 | 3bba a802 | 0000 750d | 4883 82b0 
  0x0000029e805118e0: 0200 0001 | e963 0000 | 0048 83ba | 9802 0000 | 0075 1748 | 89ba 9802 | 0000 48c7 | 82a0 0200 
  0x0000029e80511900: 0001 0000 | 00e9 4200 | 0000 4883 | baa8 0200 | 0000 7517 | 4889 baa8 | 0200 0048 | c782 b002 
  0x0000029e80511920: 0000 0100 | 0000 e921 | 0000 00e9 | 1c00 0000 

  0x0000029e80511930: ;   {metadata(method data for {method} {0x0000029ed0a64db0} 'renderBodies' '(Lcom/badlogic/gdx/physics/box2d/World;)V' in 'com/badlogic/gdx/physics/box2d/Box2DDebugRenderer')}
  0x0000029e80511930: 48ba 0000 | afd0 9e02 | 0000 4883 | aa88 0200 | 0001 e9d7 | 0a00 00e9 | 0000 0000 | 488b f048 
  0x0000029e80511950: 3b06 4c8b 

  0x0000029e80511954: ;   {metadata(method data for {method} {0x0000029ed0a64db0} 'renderBodies' '(Lcom/badlogic/gdx/physics/box2d/World;)V' in 'com/badlogic/gdx/physics/box2d/Box2DDebugRenderer')}
  0x0000029e80511954: c648 ba00 | 00af d09e 

  0x0000029e8051195c: ;   {metadata('com/badlogic/gdx/physics/box2d/Body')}
  0x0000029e8051195c: 0200 0049 | ba30 240e | 909e 0200 | 004c 8992 | d002 0000 | 4883 82d8 | 0200 0001 

  0x0000029e80511978: ;   {metadata(method data for {method} {0x0000029ed0a55808} 'isActive' '()Z' in 'com/badlogic/gdx/physics/box2d/Body')}
  0x0000029e80511978: 49b8 4814 | aad0 9e02 | 0000 418b | 90cc 0000 | 0083 c202 | 4189 90cc | 0000 0081 | e2fe ff1f 
  0x0000029e80511998: 0085 d20f | 848b 0a00 | 004c 8b46 | 1048 8bd6 

  0x0000029e805119a8: ;   {metadata(method data for {method} {0x0000029ed0a55808} 'isActive' '()Z' in 'com/badlogic/gdx/physics/box2d/Body')}
  0x0000029e805119a8: 48bf 4814 | aad0 9e02 | 0000 4883 | 8710 0100 | 0001 488b | d648 8974 | 2460 0f1f 

  0x0000029e805119c4: ;   {optimized virtual_call}
  0x0000029e805119c4: 4400 00e8 

  0x0000029e805119c8: ; ImmutableOopMap {[64]=Oop [72]=Oop [88]=Oop [96]=Oop }
                      ;*invokespecial jniIsActive {reexecute=0 rethrow=0 return_oop=0}
                      ; - com.badlogic.gdx.physics.box2d.Body::isActive@5 (line 739)
                      ; - com.badlogic.gdx.physics.box2d.Box2DDebugRenderer::renderBodies@58 (line 97)
  0x0000029e805119c8: 74fd 6c07 

  0x0000029e805119cc: ;   {other}
  0x0000029e805119cc: 0f1f 8400 | bc07 0005 | 83e0 0185 

  0x0000029e805119d8: ;   {metadata(method data for {method} {0x0000029ed0a64db0} 'renderBodies' '(Lcom/badlogic/gdx/physics/box2d/World;)V' in 'com/badlogic/gdx/physics/box2d/Box2DDebugRenderer')}
  0x0000029e805119d8: c049 b800 | 00af d09e | 0200 0048 | c7c2 0803 | 0000 7407 | 48c7 c2f8 | 0200 0049 | 8b34 1048 
  0x0000029e805119f8: 8d76 0149 | 8934 100f | 840f 0000 | 0048 8b74 | 2460 488b | 5424 40e9 | 3e00 0000 | 488b 5424 
  0x0000029e80511a18: 4044 0fbe | 420f 4585 

  0x0000029e80511a20: ;   {metadata(method data for {method} {0x0000029ed0a64db0} 'renderBodies' '(Lcom/badlogic/gdx/physics/box2d/World;)V' in 'com/badlogic/gdx/physics/box2d/Box2DDebugRenderer')}
  0x0000029e80511a20: c049 b800 | 00af d09e | 0200 0048 | c7c6 1803 | 0000 7407 | 48c7 c628 | 0300 0049 | 8b3c 3048 
  0x0000029e80511a40: 8d7f 0149 | 893c 300f | 8447 0000 | 0048 8b74 | 2460 4c8b 

  0x0000029e80511a54: ;   {metadata(method data for {method} {0x0000029ed0a64db0} 'renderBodies' '(Lcom/badlogic/gdx/physics/box2d/World;)V' in 'com/badlogic/gdx/physics/box2d/Box2DDebugRenderer')}
  0x0000029e80511a54: c248 bf00 | 00af d09e 

  0x0000029e80511a5c: ;   {metadata('com/badlogic/gdx/physics/box2d/Box2DDebugRenderer')}
  0x0000029e80511a5c: 0200 0049 | ba60 470e | 909e 0200 | 004c 8997 | 4803 0000 | 4883 8750 | 0300 0001 | 4c8b c648 
  0x0000029e80511a7c: 8bf2 488b | d666 0f1f 

  0x0000029e80511a84: ;   {optimized virtual_call}
  0x0000029e80511a84: 4400 00e8 

  0x0000029e80511a88: ; ImmutableOopMap {[64]=Oop [72]=Oop [88]=Oop }
                      ;*invokevirtual renderBody {reexecute=0 rethrow=0 return_oop=0}
                      ; - com.badlogic.gdx.physics.box2d.Box2DDebugRenderer::renderBodies@73 (line 97)
  0x0000029e80511a88: 1483 7607 

  0x0000029e80511a8c: ;   {other}
  0x0000029e80511a8c: 0f1f 8400 | 7c08 0006 

  0x0000029e80511a94: ;   {metadata(method data for {method} {0x0000029ed0a64db0} 'renderBodies' '(Lcom/badlogic/gdx/physics/box2d/World;)V' in 'com/badlogic/gdx/physics/box2d/Box2DDebugRenderer')}
  0x0000029e80511a94: 49b8 0000 | afd0 9e02 | 0000 418b | 90d0 0000 | 0083 c202 | 4189 90d0 | 0000 0081 | e2fe 3f00 
  0x0000029e80511ab4: 0085 d20f | 8490 0900 | 004d 8b97 

  0x0000029e80511ac0: ; ImmutableOopMap {[64]=Oop [72]=Oop [88]=Oop }
                      ;*goto {reexecute=1 rethrow=0 return_oop=0}
                      ; - (reexecute) com.badlogic.gdx.physics.box2d.Box2DDebugRenderer::renderBodies@76 (line 98)
  0x0000029e80511ac0: 5004 0000 

  0x0000029e80511ac4: ;   {poll}
  0x0000029e80511ac4: 4185 0249 | b800 00af | d09e 0200 | 0041 ff80 | 7003 0000 | 488b 4424 | 58e9 defc | ffff 488b 
  0x0000029e80511ae4: 5424 4044 | 0fbe 420d 

  0x0000029e80511aec: ;   {metadata(method data for {method} {0x0000029ed0a64db0} 'renderBodies' '(Lcom/badlogic/gdx/physics/box2d/World;)V' in 'com/badlogic/gdx/physics/box2d/Box2DDebugRenderer')}
  0x0000029e80511aec: 4585 c049 | b800 00af | d09e 0200 | 0048 c7c6 | 8803 0000 | 7407 48c7 | c698 0300 | 0049 8b3c 
  0x0000029e80511b0c: 3048 8d7f | 0149 893c | 300f 8404 | 0300 004c | 8b44 2448 

  0x0000029e80511b20: ; implicit exception: dispatches to 0x0000029e8051246e
  0x0000029e80511b20: 493b 0049 

  0x0000029e80511b24: ;   {metadata(method data for {method} {0x0000029ed0a64db0} 'renderBodies' '(Lcom/badlogic/gdx/physics/box2d/World;)V' in 'com/badlogic/gdx/physics/box2d/Box2DDebugRenderer')}
  0x0000029e80511b24: 8bf0 48bf | 0000 afd0 | 9e02 0000 | 4883 87a8 | 0300 0001 

  0x0000029e80511b38: ;   {oop(a 'com/badlogic/gdx/utils/Array'{0x000000070e850c08})}
  0x0000029e80511b38: 48be 080c | 850e 0700 | 0000 498b | f84c 8bc6 | 488b d748 | 8974 2468 | 0f1f 8000 

  0x0000029e80511b54: ;   {optimized virtual_call}
  0x0000029e80511b54: 0000 00e8 

  0x0000029e80511b58: ; ImmutableOopMap {[64]=Oop [72]=Oop [104]=Oop }
                      ;*invokevirtual getJoints {reexecute=0 rethrow=0 return_oop=0}
                      ; - com.badlogic.gdx.physics.box2d.Box2DDebugRenderer::renderBodies@90 (line 102)
  0x0000029e80511b58: 04e4 0900 

  0x0000029e80511b5c: ;   {other}
  0x0000029e80511b5c: 0f1f 8400 | 4c09 0008 | 488b 7424 

  0x0000029e80511b68: ;   {metadata(method data for {method} {0x0000029ed0a64db0} 'renderBodies' '(Lcom/badlogic/gdx/physics/box2d/World;)V' in 'com/badlogic/gdx/physics/box2d/Box2DDebugRenderer')}
  0x0000029e80511b68: 6848 ba00 | 00af d09e | 0200 008b | 7608 49ba | 0000 008f | 9e02 0000 | 4903 f248 | 3bb2 f003 
  0x0000029e80511b88: 0000 750d | 4883 82f8 | 0300 0001 | e960 0000 | 0048 3bb2 | 0004 0000 | 750d 4883 | 8208 0400 
  0x0000029e80511ba8: 0001 e94a | 0000 0048 | 83ba f003 | 0000 0075 | 1748 89b2 | f003 0000 | 48c7 82f8 | 0300 0001 
  0x0000029e80511bc8: 0000 00e9 | 2900 0000 | 4883 ba00 | 0400 0000 | 7517 4889 | b200 0400 | 0048 c782 | 0804 0000 
  0x0000029e80511be8: 0100 0000 | e908 0000 | 0048 8382 | e003 0000 | 0148 8b54 

  0x0000029e80511bfc: ;   {optimized virtual_call}
  0x0000029e80511bfc: 2468 90e8 

  0x0000029e80511c00: ; ImmutableOopMap {[64]=Oop [72]=Oop }
                      ;*invokevirtual iterator {reexecute=0 rethrow=0 return_oop=0}
                      ; - com.badlogic.gdx.physics.box2d.Box2DDebugRenderer::renderBodies@96 (line 103)
  0x0000029e80511c00: 7cc5 6e07 

  0x0000029e80511c04: ;   {other}
  0x0000029e80511c04: 0f1f 8400 | f409 0009 | 4889 4424 | 70e9 9c01 | 0000 6690 | 488b 4424 

  0x0000029e80511c1c: ;   {metadata(method data for {method} {0x0000029ed0a64db0} 'renderBodies' '(Lcom/badlogic/gdx/physics/box2d/World;)V' in 'com/badlogic/gdx/physics/box2d/Box2DDebugRenderer')}
  0x0000029e80511c1c: 7048 ba00 | 00af d09e 

  0x0000029e80511c24: ;   {metadata('com/badlogic/gdx/utils/Array$ArrayIterator')}
  0x0000029e80511c24: 0200 0049 | ba28 3c03 | 909e 0200 | 004c 8992 | 8004 0000 | 4883 8288 | 0400 0001 | 488b 5424 
  0x0000029e80511c44: ;   {optimized virtual_call}
  0x0000029e80511c44: 7066 90e8 

  0x0000029e80511c48: ; ImmutableOopMap {[64]=Oop [72]=Oop [112]=Oop }
                      ;*invokeinterface next {reexecute=0 rethrow=0 return_oop=0}
                      ; - com.badlogic.gdx.physics.box2d.Box2DDebugRenderer::renderBodies@110 (line 104)
  0x0000029e80511c48: 34ce 0607 

  0x0000029e80511c4c: ;   {other}
  0x0000029e80511c4c: 0f1f 8400 | 3c0a 000a | 4885 c075 

  0x0000029e80511c58: ;   {metadata(method data for {method} {0x0000029ed0a64db0} 'renderBodies' '(Lcom/badlogic/gdx/physics/box2d/World;)V' in 'com/badlogic/gdx/physics/box2d/Box2DDebugRenderer')}
  0x0000029e80511c58: 1648 be00 | 00af d09e | 0200 0080 | 8ea1 0400 | 0001 e9cd 

  0x0000029e80511c6c: ;   {metadata('com/badlogic/gdx/physics/box2d/Joint')}
  0x0000029e80511c6c: 0000 0048 | bfd8 d90d | 909e 0200 | 008b 7008 | 49ba 0000 | 008f 9e02 | 0000 4903 | f248 3b7e 
  0x0000029e80511c8c: 380f 858d 

  0x0000029e80511c90: ;   {metadata(method data for {method} {0x0000029ed0a64db0} 'renderBodies' '(Lcom/badlogic/gdx/physics/box2d/World;)V' in 'com/badlogic/gdx/physics/box2d/Box2DDebugRenderer')}
  0x0000029e80511c90: 0000 0048 | be00 00af | d09e 0200 | 008b 7808 | 49ba 0000 | 008f 9e02 | 0000 4903 | fa48 3bbe 
  0x0000029e80511cb0: b804 0000 | 750d 4883 | 86c0 0400 | 0001 e979 | 0000 0048 | 3bbe c804 | 0000 750d | 4883 86d0 
  0x0000029e80511cd0: 0400 0001 | e963 0000 | 0048 83be | b804 0000 | 0075 1748 | 89be b804 | 0000 48c7 | 86c0 0400 
  0x0000029e80511cf0: 0001 0000 | 00e9 4200 | 0000 4883 | bec8 0400 | 0000 7517 | 4889 bec8 | 0400 0048 | c786 d004 
  0x0000029e80511d10: 0000 0100 | 0000 e921 | 0000 00e9 | 1c00 0000 

  0x0000029e80511d20: ;   {metadata(method data for {method} {0x0000029ed0a64db0} 'renderBodies' '(Lcom/badlogic/gdx/physics/box2d/World;)V' in 'com/badlogic/gdx/physics/box2d/Box2DDebugRenderer')}
  0x0000029e80511d20: 48be 0000 | afd0 9e02 | 0000 4883 | aea8 0400 | 0001 e93c | 0700 00e9 | 0000 0000 | 4c8b c048 
  0x0000029e80511d40: 8b54 2440 

  0x0000029e80511d44: ;   {metadata(method data for {method} {0x0000029ed0a64db0} 'renderBodies' '(Lcom/badlogic/gdx/physics/box2d/World;)V' in 'com/badlogic/gdx/physics/box2d/Box2DDebugRenderer')}
  0x0000029e80511d44: 48be 0000 | afd0 9e02 | 0000 4883 | 86e0 0400 | 0001 488b | 5424 400f 

  0x0000029e80511d5c: ;   {optimized virtual_call}
  0x0000029e80511d5c: 1f40 00e8 

  0x0000029e80511d60: ; ImmutableOopMap {[64]=Oop [72]=Oop [112]=Oop }
                      ;*invokespecial drawJoint {reexecute=0 rethrow=0 return_oop=0}
                      ; - com.badlogic.gdx.physics.box2d.Box2DDebugRenderer::renderBodies@121 (line 105)
  0x0000029e80511d60: 1ccd 0607 

  0x0000029e80511d64: ;   {other}
  0x0000029e80511d64: 0f1f 8400 | 540b 000b 

  0x0000029e80511d6c: ;   {metadata(method data for {method} {0x0000029ed0a64db0} 'renderBodies' '(Lcom/badlogic/gdx/physics/box2d/World;)V' in 'com/badlogic/gdx/physics/box2d/Box2DDebugRenderer')}
  0x0000029e80511d6c: 48ba 0000 | afd0 9e02 | 0000 8bb2 | d000 0000 | 83c6 0289 | b2d0 0000 | 0081 e6fe | 3f00 0085 
  0x0000029e80511d8c: f60f 84e9 | 0600 004d | 8b97 5004 

  0x0000029e80511d98: ; ImmutableOopMap {[64]=Oop [72]=Oop [112]=Oop }
                      ;*goto {reexecute=1 rethrow=0 return_oop=0}
                      ; - (reexecute) com.badlogic.gdx.physics.box2d.Box2DDebugRenderer::renderBodies@124 (line 106)
                      ;   {poll}
  0x0000029e80511d98: 0000 4185 

  0x0000029e80511d9c: ;   {metadata(method data for {method} {0x0000029ed0a64db0} 'renderBodies' '(Lcom/badlogic/gdx/physics/box2d/World;)V' in 'com/badlogic/gdx/physics/box2d/Box2DDebugRenderer')}
  0x0000029e80511d9c: 0248 ba00 | 00af d09e | 0200 00ff | 82f0 0400 | 0048 8b44 | 2470 483b | 0048 8bf0 

  0x0000029e80511db8: ;   {metadata(method data for {method} {0x0000029ed0a64db0} 'renderBodies' '(Lcom/badlogic/gdx/physics/box2d/World;)V' in 'com/badlogic/gdx/physics/box2d/Box2DDebugRenderer')}
  0x0000029e80511db8: 48bf 0000 | afd0 9e02 

  0x0000029e80511dc0: ;   {metadata('com/badlogic/gdx/utils/Array$ArrayIterator')}
  0x0000029e80511dc0: 0000 49ba | 283c 0390 | 9e02 0000 | 4c89 9728 | 0400 0048 | 8387 3004 | 0000 0148 

  0x0000029e80511ddc: ;   {optimized virtual_call}
  0x0000029e80511ddc: 8bd0 90e8 

  0x0000029e80511de0: ; ImmutableOopMap {[64]=Oop [72]=Oop [112]=Oop }
                      ;*invokeinterface hasNext {reexecute=0 rethrow=0 return_oop=0}
                      ; - com.badlogic.gdx.physics.box2d.Box2DDebugRenderer::renderBodies@101 (line 103)
  0x0000029e80511de0: 5c45 6d07 

  0x0000029e80511de4: ;   {other}
  0x0000029e80511de4: 0f1f 8400 | d40b 000d 

  0x0000029e80511dec: ;   {metadata(method data for {method} {0x0000029ed0a64db0} 'renderBodies' '(Lcom/badlogic/gdx/physics/box2d/World;)V' in 'com/badlogic/gdx/physics/box2d/Box2DDebugRenderer')}
  0x0000029e80511dec: 85c0 48ba | 0000 afd0 | 9e02 0000 | 48c7 c660 | 0400 0075 | 0748 c7c6 | 5004 0000 | 488b 3c32 
  0x0000029e80511e0c: 488d 7f01 | 4889 3c32 | 0f85 fefd | ffff 488b | 5424 408b | 7214 48c1 | e603 483b | 0648 8bfe 
  0x0000029e80511e2c: ;   {metadata(method data for {method} {0x0000029ed0a64db0} 'renderBodies' '(Lcom/badlogic/gdx/physics/box2d/World;)V' in 'com/badlogic/gdx/physics/box2d/Box2DDebugRenderer')}
  0x0000029e80511e2c: 48bb 0000 | afd0 9e02 

  0x0000029e80511e34: ;   {metadata('com/badlogic/gdx/graphics/glutils/ShapeRenderer')}
  0x0000029e80511e34: 0000 49ba | b0c4 0d90 | 9e02 0000 | 4c89 9318 | 0500 0048 | 8383 2005 

  0x0000029e80511e4c: ;   {metadata(method data for {method} {0x0000029ed0a24ae8} 'end' '()V' in 'com/badlogic/gdx/graphics/glutils/ShapeRenderer')}
  0x0000029e80511e4c: 0000 0148 | bf70 e1a9 | d09e 0200 | 008b 9fcc | 0000 0083 | c302 899f | cc00 0000 | 81e3 feff 
  0x0000029e80511e6c: 1f00 85db | 0f84 3106 | 0000 8b7e | 1448 c1e7 | 0348 85ff | 0f84 2900 

  0x0000029e80511e84: ;   {metadata('com/badlogic/gdx/graphics/glutils/ImmediateModeRenderer20')}
  0x0000029e80511e84: 0000 49b8 | 50ca 0d90 | 9e02 0000 | 8b4f 0849 | ba00 0000 | 8f9e 0200 | 0049 03ca | 4c3b 4138 
  0x0000029e80511ea4: 0f85 1e06 | 0000 e900 | 0000 0048 | 8bdf 483b | 0748 8bdf 

  0x0000029e80511eb8: ;   {metadata(method data for {method} {0x0000029ed0a24ae8} 'end' '()V' in 'com/badlogic/gdx/graphics/glutils/ShapeRenderer')}
  0x0000029e80511eb8: 48b8 70e1 | a9d0 9e02 | 0000 4883 | 8028 0100 

  0x0000029e80511ec8: ;   {metadata(method data for {method} {0x0000029ed0a28060} 'end' '()V' in 'com/badlogic/gdx/graphics/glutils/ImmediateModeRenderer20')}
  0x0000029e80511ec8: 0001 48bb | f8e2 a9d0 | 9e02 0000 | 8b83 cc00 | 0000 83c0 | 0289 83cc | 0000 0025 | feff 1f00 
  0x0000029e80511ee8: 85c0 0f84 | e205 0000 

  0x0000029e80511ef0: ;   {metadata(method data for {method} {0x0000029ed0a28060} 'end' '()V' in 'com/badlogic/gdx/graphics/glutils/ImmediateModeRenderer20')}
  0x0000029e80511ef0: 488b df48 | b8f8 e2a9 | d09e 0200 | 0048 8380 | 2801 0000 | 0148 8bd7 | 4889 7424 

  0x0000029e80511f0c: ;   {optimized virtual_call}
  0x0000029e80511f0c: 7866 90e8 

  0x0000029e80511f10: ; ImmutableOopMap {[64]=Oop [72]=Oop [120]=Oop }
                      ;*invokevirtual flush {reexecute=0 rethrow=0 return_oop=0}
                      ; - com.badlogic.gdx.graphics.glutils.ImmediateModeRenderer20::end@1 (line 164)
                      ; - com.badlogic.gdx.graphics.glutils.ShapeRenderer::end@4 (line 1208)
                      ; - com.badlogic.gdx.physics.box2d.Box2DDebugRenderer::renderBodies@131 (line 108)
  0x0000029e80511f10: 2cfd 0200 

  0x0000029e80511f14: ;   {other}
  0x0000029e80511f14: 0f1f 8400 | 040d 000e | 450f be47 | 4045 85c0 | 488b 7424 | 780f 85c4 | 0500 00c7 | 462c 0000 
  0x0000029e80511f34: 0000 488b | 5424 4044 | 0fbe 4211 

  0x0000029e80511f40: ;   {metadata(method data for {method} {0x0000029ed0a64db0} 'renderBodies' '(Lcom/badlogic/gdx/physics/box2d/World;)V' in 'com/badlogic/gdx/physics/box2d/Box2DDebugRenderer')}
  0x0000029e80511f40: 4585 c049 | b800 00af | d09e 0200 | 0048 c7c6 | 4005 0000 | 7407 48c7 | c650 0500 | 0049 8b3c 
  0x0000029e80511f60: 3048 8d7f | 0149 893c | 300f 8469 | 0400 008b | 7214 48c1 | e603 483b | 0648 8bfe 

  0x0000029e80511f7c: ;   {metadata(method data for {method} {0x0000029ed0a64db0} 'renderBodies' '(Lcom/badlogic/gdx/physics/box2d/World;)V' in 'com/badlogic/gdx/physics/box2d/Box2DDebugRenderer')}
  0x0000029e80511f7c: 48bb 0000 | afd0 9e02 

  0x0000029e80511f84: ;   {metadata('com/badlogic/gdx/graphics/glutils/ShapeRenderer')}
  0x0000029e80511f84: 0000 49ba | b0c4 0d90 | 9e02 0000 | 4c89 9370 | 0500 0048 | 8383 7805 

  0x0000029e80511f9c: ;   {oop(a 'com/badlogic/gdx/graphics/glutils/ShapeRenderer$ShapeType'{0x000000070e82a238})}
  0x0000029e80511f9c: 0000 0149 | b838 a282 | 0e07 0000 | 0048 8bd6 

  0x0000029e80511fac: ;   {optimized virtual_call}
  0x0000029e80511fac: 6666 90e8 

  0x0000029e80511fb0: ; ImmutableOopMap {[64]=Oop [72]=Oop }
                      ;*invokevirtual begin {reexecute=0 rethrow=0 return_oop=0}
                      ; - com.badlogic.gdx.physics.box2d.Box2DDebugRenderer::renderBodies@148 (line 110)
  0x0000029e80511fb0: 8cf1 0200 

  0x0000029e80511fb4: ;   {other}
  0x0000029e80511fb4: 0f1f 8400 | a40d 000f | 4c8b 4424 | 4849 3b00 

  0x0000029e80511fc4: ;   {metadata(method data for {method} {0x0000029ed0a64db0} 'renderBodies' '(Lcom/badlogic/gdx/physics/box2d/World;)V' in 'com/badlogic/gdx/physics/box2d/Box2DDebugRenderer')}
  0x0000029e80511fc4: 498b d048 | be00 00af | d09e 0200 | 0048 8386 | 9805 0000 | 0149 8bd0 

  0x0000029e80511fdc: ;   {optimized virtual_call}
  0x0000029e80511fdc: 6666 90e8 

  0x0000029e80511fe0: ; ImmutableOopMap {[64]=Oop }
                      ;*invokevirtual getContactList {reexecute=0 rethrow=0 return_oop=0}
                      ; - com.badlogic.gdx.physics.box2d.Box2DDebugRenderer::renderBodies@152 (line 111)
  0x0000029e80511fe0: fc60 0500 

  0x0000029e80511fe4: ;   {other}
  0x0000029e80511fe4: 0f1f 8400 | d40d 0010 

  0x0000029e80511fec: ; implicit exception: dispatches to 0x0000029e8051251d
  0x0000029e80511fec: 483b 0048 

  0x0000029e80511ff0: ;   {metadata(method data for {method} {0x0000029ed0a64db0} 'renderBodies' '(Lcom/badlogic/gdx/physics/box2d/World;)V' in 'com/badlogic/gdx/physics/box2d/Box2DDebugRenderer')}
  0x0000029e80511ff0: 8bd0 48be | 0000 afd0 | 9e02 0000 | 8b52 0849 | ba00 0000 | 8f9e 0200 | 0049 03d2 | 483b 96e0 
  0x0000029e80512010: 0500 0075 | 0d48 8386 | e805 0000 | 01e9 6000 | 0000 483b | 96f0 0500 | 0075 0d48 | 8386 f805 
  0x0000029e80512030: 0000 01e9 | 4a00 0000 | 4883 bee0 | 0500 0000 | 7517 4889 | 96e0 0500 | 0048 c786 | e805 0000 
  0x0000029e80512050: 0100 0000 | e929 0000 | 0048 83be | f005 0000 | 0075 1748 | 8996 f005 | 0000 48c7 | 86f8 0500 
  0x0000029e80512070: 0001 0000 | 00e9 0800 | 0000 4883 | 86d0 0500 | 0001 488b 

  0x0000029e80512084: ;   {optimized virtual_call}
  0x0000029e80512084: d066 90e8 

  0x0000029e80512088: ; ImmutableOopMap {[64]=Oop }
                      ;*invokevirtual iterator {reexecute=0 rethrow=0 return_oop=0}
                      ; - com.badlogic.gdx.physics.box2d.Box2DDebugRenderer::renderBodies@155 (line 111)
  0x0000029e80512088: f4c0 6e07 

  0x0000029e8051208c: ;   {other}
  0x0000029e8051208c: 0f1f 8400 | 7c0e 0011 | 4889 8424 | 8000 0000 | e9ac 0100 | 000f 1f80 | 0000 0000 | 488b 8424 
  0x0000029e805120ac: 8000 0000 

  0x0000029e805120b0: ;   {metadata(method data for {method} {0x0000029ed0a64db0} 'renderBodies' '(Lcom/badlogic/gdx/physics/box2d/World;)V' in 'com/badlogic/gdx/physics/box2d/Box2DDebugRenderer')}
  0x0000029e805120b0: 48ba 0000 | afd0 9e02 

  0x0000029e805120b8: ;   {metadata('com/badlogic/gdx/utils/Array$ArrayIterator')}
  0x0000029e805120b8: 0000 49ba | 283c 0390 | 9e02 0000 | 4c89 9270 | 0600 0048 | 8382 7806 | 0000 0148 | 8b94 2480 
  0x0000029e805120d8: 0000 000f 

  0x0000029e805120dc: ;   {optimized virtual_call}
  0x0000029e805120dc: 1f40 00e8 

  0x0000029e805120e0: ; ImmutableOopMap {[64]=Oop [128]=Oop }
                      ;*invokeinterface next {reexecute=0 rethrow=0 return_oop=0}
                      ; - com.badlogic.gdx.physics.box2d.Box2DDebugRenderer::renderBodies@169 (line 111)
  0x0000029e805120e0: 5c65 6d07 

  0x0000029e805120e4: ;   {other}
  0x0000029e805120e4: 0f1f 8400 | d40e 0012 | 4885 c075 

  0x0000029e805120f0: ;   {metadata(method data for {method} {0x0000029ed0a64db0} 'renderBodies' '(Lcom/badlogic/gdx/physics/box2d/World;)V' in 'com/badlogic/gdx/physics/box2d/Box2DDebugRenderer')}
  0x0000029e805120f0: 1648 be00 | 00af d09e | 0200 0080 | 8e91 0600 | 0001 e9cc 

  0x0000029e80512104: ;   {metadata('com/badlogic/gdx/physics/box2d/Contact')}
  0x0000029e80512104: 0000 0048 | bf90 f90d | 909e 0200 | 008b 5008 | 49ba 0000 | 008f 9e02 | 0000 4903 | d248 3bfa 
  0x0000029e80512124: 0f85 8d00 

  0x0000029e80512128: ;   {metadata(method data for {method} {0x0000029ed0a64db0} 'renderBodies' '(Lcom/badlogic/gdx/physics/box2d/World;)V' in 'com/badlogic/gdx/physics/box2d/Box2DDebugRenderer')}
  0x0000029e80512128: 0000 48be | 0000 afd0 | 9e02 0000 | 8b78 0849 | ba00 0000 | 8f9e 0200 | 0049 03fa | 483b bea8 
  0x0000029e80512148: 0600 0075 | 0d48 8386 | b006 0000 | 01e9 7900 | 0000 483b | beb8 0600 | 0075 0d48 | 8386 c006 
  0x0000029e80512168: 0000 01e9 | 6300 0000 | 4883 bea8 | 0600 0000 | 7517 4889 | bea8 0600 | 0048 c786 | b006 0000 
  0x0000029e80512188: 0100 0000 | e942 0000 | 0048 83be | b806 0000 | 0075 1748 | 89be b806 | 0000 48c7 | 86c0 0600 
  0x0000029e805121a8: 0001 0000 | 00e9 2100 | 0000 e91c 

  0x0000029e805121b4: ;   {metadata(method data for {method} {0x0000029ed0a64db0} 'renderBodies' '(Lcom/badlogic/gdx/physics/box2d/World;)V' in 'com/badlogic/gdx/physics/box2d/Box2DDebugRenderer')}
  0x0000029e805121b4: 0000 0048 | be00 00af | d09e 0200 | 0048 83ae | 9806 0000 | 01e9 5403 | 0000 e900 | 0000 004c 
  0x0000029e805121d4: 8bc0 488b 

  0x0000029e805121d8: ;   {metadata(method data for {method} {0x0000029ed0a64db0} 'renderBodies' '(Lcom/badlogic/gdx/physics/box2d/World;)V' in 'com/badlogic/gdx/physics/box2d/Box2DDebugRenderer')}
  0x0000029e805121d8: 5424 4048 | be00 00af | d09e 0200 | 0048 8386 | d006 0000 | 0148 8b54 | 2440 0f1f 

  0x0000029e805121f4: ;   {optimized virtual_call}
  0x0000029e805121f4: 4400 00e8 

  0x0000029e805121f8: ; ImmutableOopMap {[64]=Oop [128]=Oop }
                      ;*invokespecial drawContact {reexecute=0 rethrow=0 return_oop=0}
                      ; - com.badlogic.gdx.physics.box2d.Box2DDebugRenderer::renderBodies@180 (line 112)
  0x0000029e805121f8: 6429 7707 

  0x0000029e805121fc: ;   {other}
  0x0000029e805121fc: 0f1f 8400 | ec0f 0013 

  0x0000029e80512204: ;   {metadata(method data for {method} {0x0000029ed0a64db0} 'renderBodies' '(Lcom/badlogic/gdx/physics/box2d/World;)V' in 'com/badlogic/gdx/physics/box2d/Box2DDebugRenderer')}
  0x0000029e80512204: 48ba 0000 | afd0 9e02 | 0000 8bb2 | d000 0000 | 83c6 0289 | b2d0 0000 | 0081 e6fe | 3f00 0085 
  0x0000029e80512224: f60f 8400 | 0300 004d | 8b97 5004 

  0x0000029e80512230: ; ImmutableOopMap {[64]=Oop [128]=Oop }
                      ;*goto {reexecute=1 rethrow=0 return_oop=0}
                      ; - (reexecute) com.badlogic.gdx.physics.box2d.Box2DDebugRenderer::renderBodies@183 (line 112)
                      ;   {poll}
  0x0000029e80512230: 0000 4185 

  0x0000029e80512234: ;   {metadata(method data for {method} {0x0000029ed0a64db0} 'renderBodies' '(Lcom/badlogic/gdx/physics/box2d/World;)V' in 'com/badlogic/gdx/physics/box2d/Box2DDebugRenderer')}
  0x0000029e80512234: 0248 ba00 | 00af d09e | 0200 00ff | 82e0 0600 | 0048 8b84 | 2480 0000 | 0048 3b00 

  0x0000029e80512250: ;   {metadata(method data for {method} {0x0000029ed0a64db0} 'renderBodies' '(Lcom/badlogic/gdx/physics/box2d/World;)V' in 'com/badlogic/gdx/physics/box2d/Box2DDebugRenderer')}
  0x0000029e80512250: 488b f048 | bf00 00af | d09e 0200 

  0x0000029e8051225c: ;   {metadata('com/badlogic/gdx/utils/Array$ArrayIterator')}
  0x0000029e8051225c: 0049 ba28 | 3c03 909e | 0200 004c | 8997 1806 | 0000 4883 | 8720 0600 | 0001 488b | d066 0f1f 
  0x0000029e8051227c: ;   {optimized virtual_call}
  0x0000029e8051227c: 4400 00e8 

  0x0000029e80512280: ; ImmutableOopMap {[64]=Oop [128]=Oop }
                      ;*invokeinterface hasNext {reexecute=0 rethrow=0 return_oop=0}
                      ; - com.badlogic.gdx.physics.box2d.Box2DDebugRenderer::renderBodies@160 (line 111)
  0x0000029e80512280: bc40 6d07 

  0x0000029e80512284: ;   {other}
  0x0000029e80512284: 0f1f 8400 | 7410 0015 

  0x0000029e8051228c: ;   {metadata(method data for {method} {0x0000029ed0a64db0} 'renderBodies' '(Lcom/badlogic/gdx/physics/box2d/World;)V' in 'com/badlogic/gdx/physics/box2d/Box2DDebugRenderer')}
  0x0000029e8051228c: 85c0 48ba | 0000 afd0 | 9e02 0000 | 48c7 c650 | 0600 0075 | 0748 c7c6 | 4006 0000 | 488b 3c32 
  0x0000029e805122ac: 488d 7f01 | 4889 3c32 | 0f85 eefd | ffff 488b | 5424 408b | 7214 48c1 | e603 483b | 0648 8bd6 
  0x0000029e805122cc: ;   {metadata(method data for {method} {0x0000029ed0a64db0} 'renderBodies' '(Lcom/badlogic/gdx/physics/box2d/World;)V' in 'com/badlogic/gdx/physics/box2d/Box2DDebugRenderer')}
  0x0000029e805122cc: 48bf 0000 | afd0 9e02 

  0x0000029e805122d4: ;   {metadata('com/badlogic/gdx/graphics/glutils/ShapeRenderer')}
  0x0000029e805122d4: 0000 49ba | b0c4 0d90 | 9e02 0000 | 4c89 9708 | 0700 0048 | 8387 1007 

  0x0000029e805122ec: ;   {metadata(method data for {method} {0x0000029ed0a24ae8} 'end' '()V' in 'com/badlogic/gdx/graphics/glutils/ShapeRenderer')}
  0x0000029e805122ec: 0000 0148 | ba70 e1a9 | d09e 0200 | 008b bacc | 0000 0083 | c702 89ba | cc00 0000 | 81e7 feff 
  0x0000029e8051230c: 1f00 85ff | 0f84 4002 | 0000 8b56 | 1448 c1e2 | 0348 85d2 | 0f84 2900 

  0x0000029e80512324: ;   {metadata('com/badlogic/gdx/graphics/glutils/ImmediateModeRenderer20')}
  0x0000029e80512324: 0000 48b9 | 50ca 0d90 | 9e02 0000 | 8b42 0849 | ba00 0000 | 8f9e 0200 | 0049 03c2 | 483b 4838 
  0x0000029e80512344: 0f85 2d02 | 0000 e900 | 0000 0048 | 8bfa 483b | 0248 8bfa 

  0x0000029e80512358: ;   {metadata(method data for {method} {0x0000029ed0a24ae8} 'end' '()V' in 'com/badlogic/gdx/graphics/glutils/ShapeRenderer')}
  0x0000029e80512358: 48bb 70e1 | a9d0 9e02 | 0000 4883 | 8328 0100 

  0x0000029e80512368: ;   {metadata(method data for {method} {0x0000029ed0a28060} 'end' '()V' in 'com/badlogic/gdx/graphics/glutils/ImmediateModeRenderer20')}
  0x0000029e80512368: 0001 48bf | f8e2 a9d0 | 9e02 0000 | 8b9f cc00 | 0000 83c3 | 0289 9fcc | 0000 0081 | e3fe ff1f 
  0x0000029e80512388: 0085 db0f | 84f0 0100 | 0048 8bfa 

  0x0000029e80512394: ;   {metadata(method data for {method} {0x0000029ed0a28060} 'end' '()V' in 'com/badlogic/gdx/graphics/glutils/ImmediateModeRenderer20')}
  0x0000029e80512394: 48bb f8e2 | a9d0 9e02 | 0000 4883 | 8328 0100 | 0001 4889 | b424 8800 

  0x0000029e805123ac: ;   {optimized virtual_call}
  0x0000029e805123ac: 0000 90e8 

  0x0000029e805123b0: ; ImmutableOopMap {[136]=Oop }
                      ;*invokevirtual flush {reexecute=0 rethrow=0 return_oop=0}
                      ; - com.badlogic.gdx.graphics.glutils.ImmediateModeRenderer20::end@1 (line 164)
                      ; - com.badlogic.gdx.graphics.glutils.ShapeRenderer::end@4 (line 1208)
                      ; - com.badlogic.gdx.physics.box2d.Box2DDebugRenderer::renderBodies@190 (line 113)
  0x0000029e805123b0: 8cf8 0200 

  0x0000029e805123b4: ;   {other}
  0x0000029e805123b4: 0f1f 8400 | a411 0016 | 410f be77 | 4085 f648 | 8bb4 2488 | 0000 000f | 85d1 0100 | 00c7 462c 
  0x0000029e805123d4: 0000 0000 | 4881 c4a0 | 0000 005d 

  0x0000029e805123e0: ;   {poll_return}
  0x0000029e805123e0: 493b a748 | 0400 000f | 87d4 0100 

  0x0000029e805123ec: ;   {metadata({method} {0x0000029ed0a64db0} 'renderBodies' '(Lcom/badlogic/gdx/physics/box2d/World;)V' in 'com/badlogic/gdx/physics/box2d/Box2DDebugRenderer')}
  0x0000029e805123ec: 00c3 49ba | a84d a6d0 | 9e02 0000 | 4c89 5424 | 0848 c704 | 24ff ffff 

  0x0000029e80512404: ;   {runtime_call counter_overflow Runtime1 stub}
  0x0000029e80512404: ffe8 f666 

  0x0000029e80512408: ; ImmutableOopMap {rdx=Oop r8=Oop [64]=Oop [72]=Oop }
                      ;*synchronization entry
                      ; - com.badlogic.gdx.physics.box2d.Box2DDebugRenderer::renderBodies@-1 (line 91)
  0x0000029e80512408: 1307 e901 

  0x0000029e8051240c: ;   {runtime_call throw_null_pointer_exception Runtime1 stub}
  0x0000029e8051240c: f2ff ffe8 

  0x0000029e80512410: ; ImmutableOopMap {rdx=Oop rsi=Oop [64]=Oop [72]=Oop }
                      ;*invokevirtual begin {reexecute=0 rethrow=0 return_oop=0}
                      ; - com.badlogic.gdx.physics.box2d.Box2DDebugRenderer::renderBodies@7 (line 91)
  0x0000029e80512410: ecf0 1207 

  0x0000029e80512414: ;   {runtime_call throw_null_pointer_exception Runtime1 stub}
  0x0000029e80512414: e8e7 f012 

  0x0000029e80512418: ; ImmutableOopMap {r8=Oop [64]=Oop [72]=Oop }
                      ;*invokevirtual getBodies {reexecute=0 rethrow=0 return_oop=0}
                      ; - com.badlogic.gdx.physics.box2d.Box2DDebugRenderer::renderBodies@28 (line 94)
                      ;   {runtime_call throw_null_pointer_exception Runtime1 stub}
  0x0000029e80512418: 07e8 e2f0 

  0x0000029e8051241c: ; ImmutableOopMap {rax=Oop [64]=Oop [72]=Oop [88]=Oop }
                      ;*invokeinterface hasNext {reexecute=0 rethrow=0 return_oop=0}
                      ; - com.badlogic.gdx.physics.box2d.Box2DDebugRenderer::renderBodies@39 (line 95)
  0x0000029e8051241c: 1207 4889 

  0x0000029e80512420: ;   {runtime_call throw_class_cast_exception Runtime1 stub}
  0x0000029e80512420: 0424 e8d9 

  0x0000029e80512424: ; ImmutableOopMap {[64]=Oop [72]=Oop [88]=Oop }
                      ;*checkcast {reexecute=0 rethrow=0 return_oop=0}
                      ; - com.badlogic.gdx.physics.box2d.Box2DDebugRenderer::renderBodies@53 (line 96)
                      ;   {runtime_call throw_null_pointer_exception Runtime1 stub}
  0x0000029e80512424: 2613 07e8 

  0x0000029e80512428: ; ImmutableOopMap {rsi=Oop [64]=Oop [72]=Oop [88]=Oop }
                      ;*invokevirtual isActive {reexecute=0 rethrow=0 return_oop=0}
                      ; - com.badlogic.gdx.physics.box2d.Box2DDebugRenderer::renderBodies@58 (line 97)
  0x0000029e80512428: d4f0 1207 

  0x0000029e8051242c: ;   {metadata({method} {0x0000029ed0a55808} 'isActive' '()Z' in 'com/badlogic/gdx/physics/box2d/Body')}
  0x0000029e8051242c: 49ba 0058 | a5d0 9e02 | 0000 4c89 | 5424 0848 | c704 24ff 

  0x0000029e80512440: ;   {runtime_call counter_overflow Runtime1 stub}
  0x0000029e80512440: ffff ffe8 

  0x0000029e80512444: ; ImmutableOopMap {rsi=Oop [64]=Oop [72]=Oop [88]=Oop }
                      ;*synchronization entry
                      ; - com.badlogic.gdx.physics.box2d.Body::isActive@-1 (line 739)
                      ; - com.badlogic.gdx.physics.box2d.Box2DDebugRenderer::renderBodies@58 (line 97)
  0x0000029e80512444: b866 1307 | e954 f5ff 

  0x0000029e8051244c: ;   {metadata({method} {0x0000029ed0a64db0} 'renderBodies' '(Lcom/badlogic/gdx/physics/box2d/World;)V' in 'com/badlogic/gdx/physics/box2d/Box2DDebugRenderer')}
  0x0000029e8051244c: ff49 baa8 | 4da6 d09e | 0200 004c | 8954 2408 | 48c7 0424 | 4c00 0000 

  0x0000029e80512464: ;   {runtime_call counter_overflow Runtime1 stub}
  0x0000029e80512464: e897 6613 

  0x0000029e80512468: ; ImmutableOopMap {[64]=Oop [72]=Oop [88]=Oop }
                      ;*goto {reexecute=1 rethrow=0 return_oop=0}
                      ; - (reexecute) com.badlogic.gdx.physics.box2d.Box2DDebugRenderer::renderBodies@76 (line 98)
  0x0000029e80512468: 07e9 4ff6 

  0x0000029e8051246c: ;   {runtime_call throw_null_pointer_exception Runtime1 stub}
  0x0000029e8051246c: ffff e88d 

  0x0000029e80512470: ; ImmutableOopMap {r8=Oop [64]=Oop [72]=Oop }
                      ;*invokevirtual getJoints {reexecute=0 rethrow=0 return_oop=0}
                      ; - com.badlogic.gdx.physics.box2d.Box2DDebugRenderer::renderBodies@90 (line 102)
  0x0000029e80512470: f012 0748 

  0x0000029e80512474: ;   {runtime_call throw_class_cast_exception Runtime1 stub}
  0x0000029e80512474: 8904 24e8 

  0x0000029e80512478: ; ImmutableOopMap {[64]=Oop [72]=Oop [112]=Oop }
                      ;*checkcast {reexecute=0 rethrow=0 return_oop=0}
                      ; - com.badlogic.gdx.physics.box2d.Box2DDebugRenderer::renderBodies@115 (line 104)
  0x0000029e80512478: 8426 1307 

  0x0000029e8051247c: ;   {metadata({method} {0x0000029ed0a64db0} 'renderBodies' '(Lcom/badlogic/gdx/physics/box2d/World;)V' in 'com/badlogic/gdx/physics/box2d/Box2DDebugRenderer')}
  0x0000029e8051247c: 49ba a84d | a6d0 9e02 | 0000 4c89 | 5424 0848 | c704 247c 

  0x0000029e80512490: ;   {runtime_call counter_overflow Runtime1 stub}
  0x0000029e80512490: 0000 00e8 

  0x0000029e80512494: ; ImmutableOopMap {[64]=Oop [72]=Oop [112]=Oop }
                      ;*goto {reexecute=1 rethrow=0 return_oop=0}
                      ; - (reexecute) com.badlogic.gdx.physics.box2d.Box2DDebugRenderer::renderBodies@124 (line 106)
  0x0000029e80512494: 6866 1307 | e9f6 f8ff 

  0x0000029e8051249c: ;   {runtime_call throw_null_pointer_exception Runtime1 stub}
  0x0000029e8051249c: ffe8 5ef0 

  0x0000029e805124a0: ; ImmutableOopMap {rax=Oop [64]=Oop [72]=Oop [112]=Oop }
                      ;*invokeinterface hasNext {reexecute=0 rethrow=0 return_oop=0}
                      ; - com.badlogic.gdx.physics.box2d.Box2DDebugRenderer::renderBodies@101 (line 103)
                      ;   {runtime_call throw_null_pointer_exception Runtime1 stub}
  0x0000029e805124a0: 1207 e859 

  0x0000029e805124a4: ; ImmutableOopMap {rdx=Oop rsi=Oop [64]=Oop [72]=Oop }
                      ;*invokevirtual end {reexecute=0 rethrow=0 return_oop=0}
                      ; - com.badlogic.gdx.physics.box2d.Box2DDebugRenderer::renderBodies@131 (line 108)
                      ;   {metadata({method} {0x0000029ed0a24ae8} 'end' '()V' in 'com/badlogic/gdx/graphics/glutils/ShapeRenderer')}
  0x0000029e805124a4: f012 0749 | bae0 4aa2 | d09e 0200 | 004c 8954 | 2408 48c7 | 0424 ffff 

  0x0000029e805124bc: ;   {runtime_call counter_overflow Runtime1 stub}
  0x0000029e805124bc: ffff e83d 

  0x0000029e805124c0: ; ImmutableOopMap {rdx=Oop rsi=Oop [64]=Oop [72]=Oop }
                      ;*synchronization entry
                      ; - com.badlogic.gdx.graphics.glutils.ShapeRenderer::end@-1 (line 1208)
                      ; - com.badlogic.gdx.physics.box2d.Box2DDebugRenderer::renderBodies@131 (line 108)
  0x0000029e805124c0: 6613 07e9 | aef9 ffff 

  0x0000029e805124c8: ;   {runtime_call throw_incompatible_class_change_error Runtime1 stub}
  0x0000029e805124c8: e833 2913 

  0x0000029e805124cc: ; ImmutableOopMap {rdx=Oop rsi=Oop rdi=Oop [64]=Oop [72]=Oop }
                      ;*invokeinterface end {reexecute=0 rethrow=0 return_oop=0}
                      ; - com.badlogic.gdx.graphics.glutils.ShapeRenderer::end@4 (line 1208)
                      ; - com.badlogic.gdx.physics.box2d.Box2DDebugRenderer::renderBodies@131 (line 108)
                      ;   {runtime_call throw_null_pointer_exception Runtime1 stub}
  0x0000029e805124cc: 07e8 2ef0 

  0x0000029e805124d0: ; ImmutableOopMap {rdx=Oop rsi=Oop rdi=Oop [64]=Oop [72]=Oop }
                      ;*invokeinterface end {reexecute=0 rethrow=0 return_oop=0}
                      ; - com.badlogic.gdx.graphics.glutils.ShapeRenderer::end@4 (line 1208)
                      ; - com.badlogic.gdx.physics.box2d.Box2DDebugRenderer::renderBodies@131 (line 108)
                      ;   {metadata({method} {0x0000029ed0a28060} 'end' '()V' in 'com/badlogic/gdx/graphics/glutils/ImmediateModeRenderer20')}
  0x0000029e805124d0: 1207 49ba | 5880 a2d0 | 9e02 0000 | 4c89 5424 | 0848 c704 | 24ff ffff 

  0x0000029e805124e8: ;   {runtime_call counter_overflow Runtime1 stub}
  0x0000029e805124e8: ffe8 1266 

  0x0000029e805124ec: ; ImmutableOopMap {rdx=Oop rsi=Oop rdi=Oop [64]=Oop [72]=Oop }
                      ;*synchronization entry
                      ; - com.badlogic.gdx.graphics.glutils.ImmediateModeRenderer20::end@-1 (line 164)
                      ; - com.badlogic.gdx.graphics.glutils.ShapeRenderer::end@4 (line 1208)
                      ; - com.badlogic.gdx.physics.box2d.Box2DDebugRenderer::renderBodies@131 (line 108)
  0x0000029e805124ec: 1307 e9fd | f9ff ff44 | 8b46 2c49 | c1e0 0349 | 83f8 000f | 842a faff | ff4c 8904 

  0x0000029e80512508: ;   {runtime_call g1_pre_barrier_slow}
  0x0000029e80512508: 24e8 7270 | 1307 e91c 

  0x0000029e80512510: ;   {runtime_call throw_null_pointer_exception Runtime1 stub}
  0x0000029e80512510: faff ffe8 

  0x0000029e80512514: ; ImmutableOopMap {rdx=Oop rsi=Oop [64]=Oop [72]=Oop }
                      ;*invokevirtual begin {reexecute=0 rethrow=0 return_oop=0}
                      ; - com.badlogic.gdx.physics.box2d.Box2DDebugRenderer::renderBodies@148 (line 110)
  0x0000029e80512514: e8ef 1207 

  0x0000029e80512518: ;   {runtime_call throw_null_pointer_exception Runtime1 stub}
  0x0000029e80512518: e8e3 ef12 

  0x0000029e8051251c: ; ImmutableOopMap {r8=Oop [64]=Oop [72]=Oop }
                      ;*invokevirtual getContactList {reexecute=0 rethrow=0 return_oop=0}
                      ; - com.badlogic.gdx.physics.box2d.Box2DDebugRenderer::renderBodies@152 (line 111)
                      ;   {runtime_call throw_null_pointer_exception Runtime1 stub}
  0x0000029e8051251c: 07e8 deef 

  0x0000029e80512520: ; ImmutableOopMap {rax=Oop [64]=Oop }
                      ;*invokevirtual iterator {reexecute=0 rethrow=0 return_oop=0}
                      ; - com.badlogic.gdx.physics.box2d.Box2DDebugRenderer::renderBodies@155 (line 111)
  0x0000029e80512520: 1207 4889 

  0x0000029e80512524: ;   {runtime_call throw_class_cast_exception Runtime1 stub}
  0x0000029e80512524: 0424 e8d5 

  0x0000029e80512528: ; ImmutableOopMap {[64]=Oop [128]=Oop }
                      ;*checkcast {reexecute=0 rethrow=0 return_oop=0}
                      ; - com.badlogic.gdx.physics.box2d.Box2DDebugRenderer::renderBodies@174 (line 111)
                      ;   {metadata({method} {0x0000029ed0a64db0} 'renderBodies' '(Lcom/badlogic/gdx/physics/box2d/World;)V' in 'com/badlogic/gdx/physics/box2d/Box2DDebugRenderer')}
  0x0000029e80512528: 2513 0749 | baa8 4da6 | d09e 0200 | 004c 8954 | 2408 48c7 | 0424 b700 

  0x0000029e80512540: ;   {runtime_call counter_overflow Runtime1 stub}
  0x0000029e80512540: 0000 e8b9 

  0x0000029e80512544: ; ImmutableOopMap {[64]=Oop [128]=Oop }
                      ;*goto {reexecute=1 rethrow=0 return_oop=0}
                      ; - (reexecute) com.badlogic.gdx.physics.box2d.Box2DDebugRenderer::renderBodies@183 (line 112)
  0x0000029e80512544: 6513 07e9 | dffc ffff 

  0x0000029e8051254c: ;   {runtime_call throw_null_pointer_exception Runtime1 stub}
  0x0000029e8051254c: e8af ef12 

  0x0000029e80512550: ; ImmutableOopMap {rax=Oop [64]=Oop [128]=Oop }
                      ;*invokeinterface hasNext {reexecute=0 rethrow=0 return_oop=0}
                      ; - com.badlogic.gdx.physics.box2d.Box2DDebugRenderer::renderBodies@160 (line 111)
                      ;   {runtime_call throw_null_pointer_exception Runtime1 stub}
  0x0000029e80512550: 07e8 aaef 

  0x0000029e80512554: ; ImmutableOopMap {rsi=Oop }
                      ;*invokevirtual end {reexecute=0 rethrow=0 return_oop=0}
                      ; - com.badlogic.gdx.physics.box2d.Box2DDebugRenderer::renderBodies@190 (line 113)
                      ;   {metadata({method} {0x0000029ed0a24ae8} 'end' '()V' in 'com/badlogic/gdx/graphics/glutils/ShapeRenderer')}
  0x0000029e80512554: 1207 49ba | e04a a2d0 | 9e02 0000 | 4c89 5424 | 0848 c704 | 24ff ffff 

  0x0000029e8051256c: ;   {runtime_call counter_overflow Runtime1 stub}
  0x0000029e8051256c: ffe8 8e65 

  0x0000029e80512570: ; ImmutableOopMap {rsi=Oop }
                      ;*synchronization entry
                      ; - com.badlogic.gdx.graphics.glutils.ShapeRenderer::end@-1 (line 1208)
                      ; - com.badlogic.gdx.physics.box2d.Box2DDebugRenderer::renderBodies@190 (line 113)
  0x0000029e80512570: 1307 e99f 

  0x0000029e80512574: ;   {runtime_call throw_incompatible_class_change_error Runtime1 stub}
  0x0000029e80512574: fdff ffe8 

  0x0000029e80512578: ; ImmutableOopMap {rsi=Oop rdx=Oop }
                      ;*invokeinterface end {reexecute=0 rethrow=0 return_oop=0}
                      ; - com.badlogic.gdx.graphics.glutils.ShapeRenderer::end@4 (line 1208)
                      ; - com.badlogic.gdx.physics.box2d.Box2DDebugRenderer::renderBodies@190 (line 113)
  0x0000029e80512578: 8428 1307 

  0x0000029e8051257c: ;   {runtime_call throw_null_pointer_exception Runtime1 stub}
  0x0000029e8051257c: e87f ef12 

  0x0000029e80512580: ; ImmutableOopMap {rsi=Oop rdx=Oop }
                      ;*invokeinterface end {reexecute=0 rethrow=0 return_oop=0}
                      ; - com.badlogic.gdx.graphics.glutils.ShapeRenderer::end@4 (line 1208)
                      ; - com.badlogic.gdx.physics.box2d.Box2DDebugRenderer::renderBodies@190 (line 113)
                      ;   {metadata({method} {0x0000029ed0a28060} 'end' '()V' in 'com/badlogic/gdx/graphics/glutils/ImmediateModeRenderer20')}
  0x0000029e80512580: 0749 ba58 | 80a2 d09e | 0200 004c | 8954 2408 | 48c7 0424 | ffff ffff 

  0x0000029e80512598: ;   {runtime_call counter_overflow Runtime1 stub}
  0x0000029e80512598: e863 6513 

  0x0000029e8051259c: ; ImmutableOopMap {rsi=Oop rdx=Oop }
                      ;*synchronization entry
                      ; - com.badlogic.gdx.graphics.glutils.ImmediateModeRenderer20::end@-1 (line 164)
                      ; - com.badlogic.gdx.graphics.glutils.ShapeRenderer::end@4 (line 1208)
                      ; - com.badlogic.gdx.physics.box2d.Box2DDebugRenderer::renderBodies@190 (line 113)
  0x0000029e8051259c: 07e9 effd | ffff 8b7e | 2c48 c1e7 | 0348 83ff | 000f 841e | feff ff48 

  0x0000029e805125b4: ;   {runtime_call g1_pre_barrier_slow}
  0x0000029e805125b4: 893c 24e8 | c46f 1307 | e910 feff 

  0x0000029e805125c0: ;   {internal_word}
  0x0000029e805125c0: ff49 bae0 | 2351 809e | 0200 004d | 8997 6004 

  0x0000029e805125d0: ;   {runtime_call SafepointBlob}
  0x0000029e805125d0: 0000 e929 | 3107 0749 | 8b87 f804 | 0000 49c7 | 87f8 0400 | 0000 0000 | 0049 c787 | 0005 0000 
  0x0000029e805125f0: 0000 0000 | 4881 c4a0 | 0000 005d 

  0x0000029e805125fc: ;   {runtime_call unwind_exception Runtime1 stub}
  0x0000029e805125fc: e9ff df12 | 07f4 f4f4 | f4f4 f4f4 
[Stub Code]
  0x0000029e80512608: ;   {no_reloc}
  0x0000029e80512608: 0f1f 4400 

  0x0000029e8051260c: ;   {static_stub}
  0x0000029e8051260c: 0048 bbc8 | fba1 d09e 

  0x0000029e80512614: ;   {runtime_call I2C/C2I adapters}
  0x0000029e80512614: 0200 00e9 | cb1b 0707 

  0x0000029e8051261c: ;   {static_stub}
  0x0000029e8051261c: 9048 bb00 | 0000 0000 

  0x0000029e80512624: ;   {runtime_call nmethod}
  0x0000029e80512624: 0000 00e9 | fbff ffff 

  0x0000029e8051262c: ;   {static_stub}
  0x0000029e8051262c: 9048 bb00 | 0000 0000 

  0x0000029e80512634: ;   {runtime_call nmethod}
  0x0000029e80512634: 0000 00e9 | fbff ffff 

  0x0000029e8051263c: ;   {static_stub}
  0x0000029e8051263c: 9048 bb00 | 0000 0000 

  0x0000029e80512644: ;   {runtime_call nmethod}
  0x0000029e80512644: 0000 00e9 | fbff ffff 

  0x0000029e8051264c: ;   {static_stub}
  0x0000029e8051264c: 9048 bb00 | 0000 0000 

  0x0000029e80512654: ;   {runtime_call nmethod}
  0x0000029e80512654: 0000 00e9 | fbff ffff 

  0x0000029e8051265c: ;   {static_stub}
  0x0000029e8051265c: 9048 bb00 | 0000 0000 

  0x0000029e80512664: ;   {runtime_call nmethod}
  0x0000029e80512664: 0000 00e9 | fbff ffff 

  0x0000029e8051266c: ;   {static_stub}
  0x0000029e8051266c: 9048 bb00 | 0000 0000 

  0x0000029e80512674: ;   {runtime_call nmethod}
  0x0000029e80512674: 0000 00e9 | fbff ffff 

  0x0000029e8051267c: ;   {static_stub}
  0x0000029e8051267c: 9048 bb00 | 0000 0000 

  0x0000029e80512684: ;   {runtime_call nmethod}
  0x0000029e80512684: 0000 00e9 | fbff ffff 

  0x0000029e8051268c: ;   {static_stub}
  0x0000029e8051268c: 9048 bb80 | 7fa2 d09e 

  0x0000029e80512694: ;   {runtime_call I2C/C2I adapters}
  0x0000029e80512694: 0200 00e9 | c70d 0707 

  0x0000029e8051269c: ;   {static_stub}
  0x0000029e8051269c: 9048 bbc8 | fba1 d09e 

  0x0000029e805126a4: ;   {runtime_call I2C/C2I adapters}
  0x0000029e805126a4: 0200 00e9 | 3b1b 0707 

  0x0000029e805126ac: ;   {static_stub}
  0x0000029e805126ac: 9048 bb00 | 0000 0000 

  0x0000029e805126b4: ;   {runtime_call nmethod}
  0x0000029e805126b4: 0000 00e9 | fbff ffff 

  0x0000029e805126bc: ;   {static_stub}
  0x0000029e805126bc: 9048 bb00 | 0000 0000 

  0x0000029e805126c4: ;   {runtime_call nmethod}
  0x0000029e805126c4: 0000 00e9 | fbff ffff 

  0x0000029e805126cc: ;   {static_stub}
  0x0000029e805126cc: 9048 bb00 | 0000 0000 

  0x0000029e805126d4: ;   {runtime_call nmethod}
  0x0000029e805126d4: 0000 00e9 | fbff ffff 

  0x0000029e805126dc: ;   {static_stub}
  0x0000029e805126dc: 9048 bb80 | 7fa2 d09e 

  0x0000029e805126e4: ;   {runtime_call I2C/C2I adapters}
  0x0000029e805126e4: 0200 00e9 | 770d 0707 

  0x0000029e805126ec: ;   {static_stub}
  0x0000029e805126ec: 48bb 0000 | 0000 0000 

  0x0000029e805126f4: ;   {runtime_call nmethod}
  0x0000029e805126f4: 0000 e9fb 

  0x0000029e805126f8: ;   {static_stub}
  0x0000029e805126f8: ffff ff48 | bb00 0000 | 0000 0000 

  0x0000029e80512704: ;   {runtime_call nmethod}
  0x0000029e80512704: 00e9 fbff 

  0x0000029e80512708: ;   {static_stub}
  0x0000029e80512708: ffff 48bb | c037 a3d0 | 9e02 0000 

  0x0000029e80512714: ;   {runtime_call I2C/C2I adapters}
  0x0000029e80512714: e9ce 1a07 

  0x0000029e80512718: ;   {static_stub}
  0x0000029e80512718: 0748 bb00 | 0000 0000 

  0x0000029e80512720: ;   {runtime_call nmethod}
  0x0000029e80512720: 0000 00e9 | fbff ffff 

  0x0000029e80512728: ;   {static_stub}
  0x0000029e80512728: 48bb a034 | a3d0 9e02 

  0x0000029e80512730: ;   {runtime_call I2C/C2I adapters}
  0x0000029e80512730: 0000 e92c 

  0x0000029e80512734: ;   {static_stub}
  0x0000029e80512734: 0d07 0748 | bb00 0000 | 0000 0000 

  0x0000029e80512740: ;   {runtime_call nmethod}
  0x0000029e80512740: 00e9 fbff 

  0x0000029e80512744: ;   {runtime_call handle_exception_from_callee Runtime1 stub}
  0x0000029e80512744: ffff e835 

  0x0000029e80512748: ;   {external_word}
  0x0000029e80512748: 1913 0748 | b950 6f40 | 1bff 7f00 | 0048 83e4 

  0x0000029e80512758: ;   {runtime_call}
  0x0000029e80512758: f048 b8d0 | 4003 1bff | 7f00 00ff 

  0x0000029e80512764: ;   {section_word}
  0x0000029e80512764: d0f4 49ba | 6627 5180 | 9e02 0000 

  0x0000029e80512770: ;   {runtime_call DeoptimizationBlob}
  0x0000029e80512770: 4152 e929 | 2207 07f4 
[/MachCode]


---------------  P R O C E S S  ---------------

Threads class SMR info:
_java_thread_list=0x0000029edb2da000, length=15, elements={
0x0000029eec3ab610, 0x0000029efcc11be0, 0x0000029efcc14840, 0x0000029efcc19770,
0x0000029efcc1bb90, 0x0000029efcc1e5f0, 0x0000029efcc211c0, 0x0000029efcc20380,
0x0000029efcda1c30, 0x0000029efcedc360, 0x0000029efcee4760, 0x0000029ed4786030,
0x0000029ed4d688c0, 0x0000029eda8b9b30, 0x0000029edb5f7f20
}

Java Threads: ( => current thread )
=>0x0000029eec3ab610 JavaThread "main"                              [_thread_in_native, id=9652, stack(0x000000bfb5800000,0x000000bfb5900000) (1024K)]
  0x0000029efcc11be0 JavaThread "Reference Handler"          daemon [_thread_blocked, id=18520, stack(0x000000bfb6000000,0x000000bfb6100000) (1024K)]
  0x0000029efcc14840 JavaThread "Finalizer"                  daemon [_thread_blocked, id=3904, stack(0x000000bfb6100000,0x000000bfb6200000) (1024K)]
  0x0000029efcc19770 JavaThread "Signal Dispatcher"          daemon [_thread_blocked, id=18188, stack(0x000000bfb6200000,0x000000bfb6300000) (1024K)]
  0x0000029efcc1bb90 JavaThread "Attach Listener"            daemon [_thread_blocked, id=4596, stack(0x000000bfb6300000,0x000000bfb6400000) (1024K)]
  0x0000029efcc1e5f0 JavaThread "Service Thread"             daemon [_thread_blocked, id=11244, stack(0x000000bfb6400000,0x000000bfb6500000) (1024K)]
  0x0000029efcc211c0 JavaThread "Monitor Deflation Thread"   daemon [_thread_blocked, id=3132, stack(0x000000bfb6500000,0x000000bfb6600000) (1024K)]
  0x0000029efcc20380 JavaThread "C2 CompilerThread0"         daemon [_thread_blocked, id=2348, stack(0x000000bfb6600000,0x000000bfb6700000) (1024K)]
  0x0000029efcda1c30 JavaThread "C1 CompilerThread0"         daemon [_thread_blocked, id=20352, stack(0x000000bfb6700000,0x000000bfb6800000) (1024K)]
  0x0000029efcedc360 JavaThread "Notification Thread"        daemon [_thread_blocked, id=19032, stack(0x000000bfb6800000,0x000000bfb6900000) (1024K)]
  0x0000029efcee4760 JavaThread "Common-Cleaner"             daemon [_thread_blocked, id=18804, stack(0x000000bfb6900000,0x000000bfb6a00000) (1024K)]
  0x0000029ed4786030 JavaThread "Thread-0"                   daemon [_thread_blocked, id=20336, stack(0x000000bfb7100000,0x000000bfb7200000) (1024K)]
  0x0000029ed4d688c0 JavaThread "AssetManager"               daemon [_thread_blocked, id=18544, stack(0x000000bfb6a00000,0x000000bfb6b00000) (1024K)]
  0x0000029eda8b9b30 JavaThread "LWJGL3 Timer"               daemon [_thread_blocked, id=18632, stack(0x000000bfb7800000,0x000000bfb7900000) (1024K)]
  0x0000029edb5f7f20 JavaThread "Timer"                      daemon [_thread_blocked, id=9724, stack(0x000000bfb8200000,0x000000bfb8300000) (1024K)]
Total: 15

Other Threads:
  0x0000029eea0d5780 VMThread "VM Thread"                           [id=6548, stack(0x000000bfb5f00000,0x000000bfb6000000) (1024K)]
  0x0000029efcbe47e0 WatcherThread "VM Periodic Task Thread"        [id=1780, stack(0x000000bfb5e00000,0x000000bfb5f00000) (1024K)]
  0x0000029eea0d6600 WorkerThread "GC Thread#0"                     [id=18480, stack(0x000000bfb5900000,0x000000bfb5a00000) (1024K)]
  0x0000029eda85b700 WorkerThread "GC Thread#1"                     [id=16844, stack(0x000000bfb7700000,0x000000bfb7800000) (1024K)]
  0x0000029eda85d400 WorkerThread "GC Thread#2"                     [id=19036, stack(0x000000bfb7900000,0x000000bfb7a00000) (1024K)]
  0x0000029eda85baa0 WorkerThread "GC Thread#3"                     [id=18904, stack(0x000000bfb7a00000,0x000000bfb7b00000) (1024K)]
  0x0000029eda859a00 WorkerThread "GC Thread#4"                     [id=20372, stack(0x000000bfb7b00000,0x000000bfb7c00000) (1024K)]
  0x0000029eda85a4e0 WorkerThread "GC Thread#5"                     [id=16232, stack(0x000000bfb7c00000,0x000000bfb7d00000) (1024K)]
  0x0000029eda85afc0 WorkerThread "GC Thread#6"                     [id=19884, stack(0x000000bfb7d00000,0x000000bfb7e00000) (1024K)]
  0x0000029eda85be40 WorkerThread "GC Thread#7"                     [id=3472, stack(0x000000bfb7e00000,0x000000bfb7f00000) (1024K)]
  0x0000029eda85b360 WorkerThread "GC Thread#8"                     [id=20400, stack(0x000000bfb7f00000,0x000000bfb8000000) (1024K)]
  0x0000029eda85a880 WorkerThread "GC Thread#9"                     [id=8180, stack(0x000000bfb8000000,0x000000bfb8100000) (1024K)]
  0x0000029eec424590 ConcurrentGCThread "G1 Main Marker"            [id=7988, stack(0x000000bfb5a00000,0x000000bfb5b00000) (1024K)]
  0x0000029eea0d5ec0 WorkerThread "G1 Conc#0"                       [id=3348, stack(0x000000bfb5b00000,0x000000bfb5c00000) (1024K)]
  0x0000029efcaa61a0 ConcurrentGCThread "G1 Refine#0"               [id=216, stack(0x000000bfb5c00000,0x000000bfb5d00000) (1024K)]
  0x0000029efcaa6ac0 ConcurrentGCThread "G1 Service"                [id=16940, stack(0x000000bfb5d00000,0x000000bfb5e00000) (1024K)]
Total: 16

Threads with active compile tasks:
Total: 0

VM state: not at safepoint (normal execution)

VM Mutex/Monitor currently owned by a thread: None

Heap address: 0x0000000701200000, size: 4078 MB, Compressed Oops mode: Zero based, Oop shift amount: 3

CDS archive(s) mapped at: [0x0000029e8f000000-0x0000029e8fc80000-0x0000029e8fc80000), size 13107200, SharedBaseAddress: 0x0000029e8f000000, ArchiveRelocationMode: 1.
Compressed class space mapped at: 0x0000029e90000000-0x0000029ed0000000, reserved size: 1073741824
Narrow klass base: 0x0000029e8f000000, Narrow klass shift: 0, Narrow klass range: 0x100000000

GC Precious Log:
 CardTable entry size: 512
 Card Set container configuration: InlinePtr #cards 4 size 8 Array Of Cards #cards 16 size 48 Howl #buckets 8 coarsen threshold 3686 Howl Bitmap #cards 512 size 80 coarsen threshold 460 Card regions per heap region 1 cards per card region 4096
 CPUs: 12 total, 12 available
 Memory: 16306M
 Large Page Support: Disabled
 NUMA Support: Disabled
 Compressed Oops: Enabled (Zero based)
 Heap Region Size: 2M
 Heap Min Capacity: 8M
 Heap Initial Capacity: 256M
 Heap Max Capacity: 4078M
 Pre-touch: Disabled
 Parallel Workers: 10
 Concurrent Workers: 3
 Concurrent Refinement Workers: 10
 Periodic GC: Disabled

Heap:
 garbage-first heap   total 262144K, used 16803K [0x0000000701200000, 0x0000000800000000)
  region size 2048K, 8 young (16384K), 3 survivors (6144K)
 Metaspace       used 10920K, committed 11136K, reserved 1114112K
  class space    used 885K, committed 960K, reserved 1048576K

Heap Regions: E=young(eden), S=young(survivor), O=old, HS=humongous(starts), HC=humongous(continues), CS=collection set, F=free, TAMS=top-at-mark-start, PB=parsable bottom
|   0|0x0000000701200000, 0x0000000701200000, 0x0000000701400000|  0%| F|  |TAMS 0x0000000701200000| PB 0x0000000701200000| Untracked 
|   1|0x0000000701400000, 0x0000000701400000, 0x0000000701600000|  0%| F|  |TAMS 0x0000000701400000| PB 0x0000000701400000| Untracked 
|   2|0x0000000701600000, 0x0000000701800000, 0x0000000701800000|100%| O|  |TAMS 0x0000000701600000| PB 0x0000000701600000| Untracked 
|   3|0x0000000701800000, 0x0000000701868d00, 0x0000000701a00000| 20%| O|  |TAMS 0x0000000701800000| PB 0x0000000701800000| Untracked 
|   4|0x0000000701a00000, 0x0000000701a00000, 0x0000000701c00000|  0%| F|  |TAMS 0x0000000701a00000| PB 0x0000000701a00000| Untracked 
|   5|0x0000000701c00000, 0x0000000701c00000, 0x0000000701e00000|  0%| F|  |TAMS 0x0000000701c00000| PB 0x0000000701c00000| Untracked 
|   6|0x0000000701e00000, 0x0000000701e00000, 0x0000000702000000|  0%| F|  |TAMS 0x0000000701e00000| PB 0x0000000701e00000| Untracked 
|   7|0x0000000702000000, 0x0000000702000000, 0x0000000702200000|  0%| F|  |TAMS 0x0000000702000000| PB 0x0000000702000000| Untracked 
|   8|0x0000000702200000, 0x0000000702200000, 0x0000000702400000|  0%| F|  |TAMS 0x0000000702200000| PB 0x0000000702200000| Untracked 
|   9|0x0000000702400000, 0x0000000702400000, 0x0000000702600000|  0%| F|  |TAMS 0x0000000702400000| PB 0x0000000702400000| Untracked 
|  10|0x0000000702600000, 0x0000000702600000, 0x0000000702800000|  0%| F|  |TAMS 0x0000000702600000| PB 0x0000000702600000| Untracked 
|  11|0x0000000702800000, 0x0000000702800000, 0x0000000702a00000|  0%| F|  |TAMS 0x0000000702800000| PB 0x0000000702800000| Untracked 
|  12|0x0000000702a00000, 0x0000000702a00000, 0x0000000702c00000|  0%| F|  |TAMS 0x0000000702a00000| PB 0x0000000702a00000| Untracked 
|  13|0x0000000702c00000, 0x0000000702c00000, 0x0000000702e00000|  0%| F|  |TAMS 0x0000000702c00000| PB 0x0000000702c00000| Untracked 
|  14|0x0000000702e00000, 0x0000000702e00000, 0x0000000703000000|  0%| F|  |TAMS 0x0000000702e00000| PB 0x0000000702e00000| Untracked 
|  15|0x0000000703000000, 0x0000000703000000, 0x0000000703200000|  0%| F|  |TAMS 0x0000000703000000| PB 0x0000000703000000| Untracked 
|  16|0x0000000703200000, 0x0000000703200000, 0x0000000703400000|  0%| F|  |TAMS 0x0000000703200000| PB 0x0000000703200000| Untracked 
|  17|0x0000000703400000, 0x0000000703400000, 0x0000000703600000|  0%| F|  |TAMS 0x0000000703400000| PB 0x0000000703400000| Untracked 
|  18|0x0000000703600000, 0x0000000703600000, 0x0000000703800000|  0%| F|  |TAMS 0x0000000703600000| PB 0x0000000703600000| Untracked 
|  19|0x0000000703800000, 0x0000000703800000, 0x0000000703a00000|  0%| F|  |TAMS 0x0000000703800000| PB 0x0000000703800000| Untracked 
|  20|0x0000000703a00000, 0x0000000703a00000, 0x0000000703c00000|  0%| F|  |TAMS 0x0000000703a00000| PB 0x0000000703a00000| Untracked 
|  21|0x0000000703c00000, 0x0000000703c00000, 0x0000000703e00000|  0%| F|  |TAMS 0x0000000703c00000| PB 0x0000000703c00000| Untracked 
|  22|0x0000000703e00000, 0x0000000703e00000, 0x0000000704000000|  0%| F|  |TAMS 0x0000000703e00000| PB 0x0000000703e00000| Untracked 
|  23|0x0000000704000000, 0x0000000704000000, 0x0000000704200000|  0%| F|  |TAMS 0x0000000704000000| PB 0x0000000704000000| Untracked 
|  24|0x0000000704200000, 0x0000000704200000, 0x0000000704400000|  0%| F|  |TAMS 0x0000000704200000| PB 0x0000000704200000| Untracked 
|  25|0x0000000704400000, 0x0000000704400000, 0x0000000704600000|  0%| F|  |TAMS 0x0000000704400000| PB 0x0000000704400000| Untracked 
|  26|0x0000000704600000, 0x0000000704600000, 0x0000000704800000|  0%| F|  |TAMS 0x0000000704600000| PB 0x0000000704600000| Untracked 
|  27|0x0000000704800000, 0x0000000704800000, 0x0000000704a00000|  0%| F|  |TAMS 0x0000000704800000| PB 0x0000000704800000| Untracked 
|  28|0x0000000704a00000, 0x0000000704a00000, 0x0000000704c00000|  0%| F|  |TAMS 0x0000000704a00000| PB 0x0000000704a00000| Untracked 
|  29|0x0000000704c00000, 0x0000000704c00000, 0x0000000704e00000|  0%| F|  |TAMS 0x0000000704c00000| PB 0x0000000704c00000| Untracked 
|  30|0x0000000704e00000, 0x0000000704e00000, 0x0000000705000000|  0%| F|  |TAMS 0x0000000704e00000| PB 0x0000000704e00000| Untracked 
|  31|0x0000000705000000, 0x0000000705000000, 0x0000000705200000|  0%| F|  |TAMS 0x0000000705000000| PB 0x0000000705000000| Untracked 
|  32|0x0000000705200000, 0x0000000705200000, 0x0000000705400000|  0%| F|  |TAMS 0x0000000705200000| PB 0x0000000705200000| Untracked 
|  33|0x0000000705400000, 0x0000000705400000, 0x0000000705600000|  0%| F|  |TAMS 0x0000000705400000| PB 0x0000000705400000| Untracked 
|  34|0x0000000705600000, 0x0000000705600000, 0x0000000705800000|  0%| F|  |TAMS 0x0000000705600000| PB 0x0000000705600000| Untracked 
|  35|0x0000000705800000, 0x0000000705800000, 0x0000000705a00000|  0%| F|  |TAMS 0x0000000705800000| PB 0x0000000705800000| Untracked 
|  36|0x0000000705a00000, 0x0000000705a00000, 0x0000000705c00000|  0%| F|  |TAMS 0x0000000705a00000| PB 0x0000000705a00000| Untracked 
|  37|0x0000000705c00000, 0x0000000705c00000, 0x0000000705e00000|  0%| F|  |TAMS 0x0000000705c00000| PB 0x0000000705c00000| Untracked 
|  38|0x0000000705e00000, 0x0000000705e00000, 0x0000000706000000|  0%| F|  |TAMS 0x0000000705e00000| PB 0x0000000705e00000| Untracked 
|  39|0x0000000706000000, 0x0000000706000000, 0x0000000706200000|  0%| F|  |TAMS 0x0000000706000000| PB 0x0000000706000000| Untracked 
|  40|0x0000000706200000, 0x0000000706200000, 0x0000000706400000|  0%| F|  |TAMS 0x0000000706200000| PB 0x0000000706200000| Untracked 
|  41|0x0000000706400000, 0x0000000706400000, 0x0000000706600000|  0%| F|  |TAMS 0x0000000706400000| PB 0x0000000706400000| Untracked 
|  42|0x0000000706600000, 0x0000000706600000, 0x0000000706800000|  0%| F|  |TAMS 0x0000000706600000| PB 0x0000000706600000| Untracked 
|  43|0x0000000706800000, 0x0000000706800000, 0x0000000706a00000|  0%| F|  |TAMS 0x0000000706800000| PB 0x0000000706800000| Untracked 
|  44|0x0000000706a00000, 0x0000000706a00000, 0x0000000706c00000|  0%| F|  |TAMS 0x0000000706a00000| PB 0x0000000706a00000| Untracked 
|  45|0x0000000706c00000, 0x0000000706c00000, 0x0000000706e00000|  0%| F|  |TAMS 0x0000000706c00000| PB 0x0000000706c00000| Untracked 
|  46|0x0000000706e00000, 0x0000000706e00000, 0x0000000707000000|  0%| F|  |TAMS 0x0000000706e00000| PB 0x0000000706e00000| Untracked 
|  47|0x0000000707000000, 0x0000000707000000, 0x0000000707200000|  0%| F|  |TAMS 0x0000000707000000| PB 0x0000000707000000| Untracked 
|  48|0x0000000707200000, 0x0000000707200000, 0x0000000707400000|  0%| F|  |TAMS 0x0000000707200000| PB 0x0000000707200000| Untracked 
|  49|0x0000000707400000, 0x0000000707400000, 0x0000000707600000|  0%| F|  |TAMS 0x0000000707400000| PB 0x0000000707400000| Untracked 
|  50|0x0000000707600000, 0x0000000707600000, 0x0000000707800000|  0%| F|  |TAMS 0x0000000707600000| PB 0x0000000707600000| Untracked 
|  51|0x0000000707800000, 0x0000000707800000, 0x0000000707a00000|  0%| F|  |TAMS 0x0000000707800000| PB 0x0000000707800000| Untracked 
|  52|0x0000000707a00000, 0x0000000707a00000, 0x0000000707c00000|  0%| F|  |TAMS 0x0000000707a00000| PB 0x0000000707a00000| Untracked 
|  53|0x0000000707c00000, 0x0000000707c00000, 0x0000000707e00000|  0%| F|  |TAMS 0x0000000707c00000| PB 0x0000000707c00000| Untracked 
|  54|0x0000000707e00000, 0x0000000707e00000, 0x0000000708000000|  0%| F|  |TAMS 0x0000000707e00000| PB 0x0000000707e00000| Untracked 
|  55|0x0000000708000000, 0x0000000708000000, 0x0000000708200000|  0%| F|  |TAMS 0x0000000708000000| PB 0x0000000708000000| Untracked 
|  56|0x0000000708200000, 0x0000000708200000, 0x0000000708400000|  0%| F|  |TAMS 0x0000000708200000| PB 0x0000000708200000| Untracked 
|  57|0x0000000708400000, 0x0000000708400000, 0x0000000708600000|  0%| F|  |TAMS 0x0000000708400000| PB 0x0000000708400000| Untracked 
|  58|0x0000000708600000, 0x0000000708600000, 0x0000000708800000|  0%| F|  |TAMS 0x0000000708600000| PB 0x0000000708600000| Untracked 
|  59|0x0000000708800000, 0x0000000708800000, 0x0000000708a00000|  0%| F|  |TAMS 0x0000000708800000| PB 0x0000000708800000| Untracked 
|  60|0x0000000708a00000, 0x0000000708a00000, 0x0000000708c00000|  0%| F|  |TAMS 0x0000000708a00000| PB 0x0000000708a00000| Untracked 
|  61|0x0000000708c00000, 0x0000000708c00000, 0x0000000708e00000|  0%| F|  |TAMS 0x0000000708c00000| PB 0x0000000708c00000| Untracked 
|  62|0x0000000708e00000, 0x0000000708e00000, 0x0000000709000000|  0%| F|  |TAMS 0x0000000708e00000| PB 0x0000000708e00000| Untracked 
|  63|0x0000000709000000, 0x0000000709000000, 0x0000000709200000|  0%| F|  |TAMS 0x0000000709000000| PB 0x0000000709000000| Untracked 
|  64|0x0000000709200000, 0x0000000709200000, 0x0000000709400000|  0%| F|  |TAMS 0x0000000709200000| PB 0x0000000709200000| Untracked 
|  65|0x0000000709400000, 0x0000000709400000, 0x0000000709600000|  0%| F|  |TAMS 0x0000000709400000| PB 0x0000000709400000| Untracked 
|  66|0x0000000709600000, 0x0000000709600000, 0x0000000709800000|  0%| F|  |TAMS 0x0000000709600000| PB 0x0000000709600000| Untracked 
|  67|0x0000000709800000, 0x0000000709800000, 0x0000000709a00000|  0%| F|  |TAMS 0x0000000709800000| PB 0x0000000709800000| Untracked 
|  68|0x0000000709a00000, 0x0000000709a00000, 0x0000000709c00000|  0%| F|  |TAMS 0x0000000709a00000| PB 0x0000000709a00000| Untracked 
|  69|0x0000000709c00000, 0x0000000709c00000, 0x0000000709e00000|  0%| F|  |TAMS 0x0000000709c00000| PB 0x0000000709c00000| Untracked 
|  70|0x0000000709e00000, 0x0000000709e00000, 0x000000070a000000|  0%| F|  |TAMS 0x0000000709e00000| PB 0x0000000709e00000| Untracked 
|  71|0x000000070a000000, 0x000000070a000000, 0x000000070a200000|  0%| F|  |TAMS 0x000000070a000000| PB 0x000000070a000000| Untracked 
|  72|0x000000070a200000, 0x000000070a200000, 0x000000070a400000|  0%| F|  |TAMS 0x000000070a200000| PB 0x000000070a200000| Untracked 
|  73|0x000000070a400000, 0x000000070a400000, 0x000000070a600000|  0%| F|  |TAMS 0x000000070a400000| PB 0x000000070a400000| Untracked 
|  74|0x000000070a600000, 0x000000070a600000, 0x000000070a800000|  0%| F|  |TAMS 0x000000070a600000| PB 0x000000070a600000| Untracked 
|  75|0x000000070a800000, 0x000000070a800000, 0x000000070aa00000|  0%| F|  |TAMS 0x000000070a800000| PB 0x000000070a800000| Untracked 
|  76|0x000000070aa00000, 0x000000070aa00000, 0x000000070ac00000|  0%| F|  |TAMS 0x000000070aa00000| PB 0x000000070aa00000| Untracked 
|  77|0x000000070ac00000, 0x000000070ac00000, 0x000000070ae00000|  0%| F|  |TAMS 0x000000070ac00000| PB 0x000000070ac00000| Untracked 
|  78|0x000000070ae00000, 0x000000070ae00000, 0x000000070b000000|  0%| F|  |TAMS 0x000000070ae00000| PB 0x000000070ae00000| Untracked 
|  79|0x000000070b000000, 0x000000070b000000, 0x000000070b200000|  0%| F|  |TAMS 0x000000070b000000| PB 0x000000070b000000| Untracked 
|  80|0x000000070b200000, 0x000000070b200000, 0x000000070b400000|  0%| F|  |TAMS 0x000000070b200000| PB 0x000000070b200000| Untracked 
|  81|0x000000070b400000, 0x000000070b400000, 0x000000070b600000|  0%| F|  |TAMS 0x000000070b400000| PB 0x000000070b400000| Untracked 
|  82|0x000000070b600000, 0x000000070b600000, 0x000000070b800000|  0%| F|  |TAMS 0x000000070b600000| PB 0x000000070b600000| Untracked 
|  83|0x000000070b800000, 0x000000070b800000, 0x000000070ba00000|  0%| F|  |TAMS 0x000000070b800000| PB 0x000000070b800000| Untracked 
|  84|0x000000070ba00000, 0x000000070ba00000, 0x000000070bc00000|  0%| F|  |TAMS 0x000000070ba00000| PB 0x000000070ba00000| Untracked 
|  85|0x000000070bc00000, 0x000000070bc00000, 0x000000070be00000|  0%| F|  |TAMS 0x000000070bc00000| PB 0x000000070bc00000| Untracked 
|  86|0x000000070be00000, 0x000000070be00000, 0x000000070c000000|  0%| F|  |TAMS 0x000000070be00000| PB 0x000000070be00000| Untracked 
|  87|0x000000070c000000, 0x000000070c000000, 0x000000070c200000|  0%| F|  |TAMS 0x000000070c000000| PB 0x000000070c000000| Untracked 
|  88|0x000000070c200000, 0x000000070c200000, 0x000000070c400000|  0%| F|  |TAMS 0x000000070c200000| PB 0x000000070c200000| Untracked 
|  89|0x000000070c400000, 0x000000070c400000, 0x000000070c600000|  0%| F|  |TAMS 0x000000070c400000| PB 0x000000070c400000| Untracked 
|  90|0x000000070c600000, 0x000000070c600000, 0x000000070c800000|  0%| F|  |TAMS 0x000000070c600000| PB 0x000000070c600000| Untracked 
|  91|0x000000070c800000, 0x000000070c800000, 0x000000070ca00000|  0%| F|  |TAMS 0x000000070c800000| PB 0x000000070c800000| Untracked 
|  92|0x000000070ca00000, 0x000000070ca00000, 0x000000070cc00000|  0%| F|  |TAMS 0x000000070ca00000| PB 0x000000070ca00000| Untracked 
|  93|0x000000070cc00000, 0x000000070cc00000, 0x000000070ce00000|  0%| F|  |TAMS 0x000000070cc00000| PB 0x000000070cc00000| Untracked 
|  94|0x000000070ce00000, 0x000000070ce00000, 0x000000070d000000|  0%| F|  |TAMS 0x000000070ce00000| PB 0x000000070ce00000| Untracked 
|  95|0x000000070d000000, 0x000000070d000000, 0x000000070d200000|  0%| F|  |TAMS 0x000000070d000000| PB 0x000000070d000000| Untracked 
|  96|0x000000070d200000, 0x000000070d200000, 0x000000070d400000|  0%| F|  |TAMS 0x000000070d200000| PB 0x000000070d200000| Untracked 
|  97|0x000000070d400000, 0x000000070d400000, 0x000000070d600000|  0%| F|  |TAMS 0x000000070d400000| PB 0x000000070d400000| Untracked 
|  98|0x000000070d600000, 0x000000070d600000, 0x000000070d800000|  0%| F|  |TAMS 0x000000070d600000| PB 0x000000070d600000| Untracked 
|  99|0x000000070d800000, 0x000000070d800000, 0x000000070da00000|  0%| F|  |TAMS 0x000000070d800000| PB 0x000000070d800000| Untracked 
| 100|0x000000070da00000, 0x000000070da00000, 0x000000070dc00000|  0%| F|  |TAMS 0x000000070da00000| PB 0x000000070da00000| Untracked 
| 101|0x000000070dc00000, 0x000000070dc00000, 0x000000070de00000|  0%| F|  |TAMS 0x000000070dc00000| PB 0x000000070dc00000| Untracked 
| 102|0x000000070de00000, 0x000000070de00000, 0x000000070e000000|  0%| F|  |TAMS 0x000000070de00000| PB 0x000000070de00000| Untracked 
| 103|0x000000070e000000, 0x000000070e000000, 0x000000070e200000|  0%| F|  |TAMS 0x000000070e000000| PB 0x000000070e000000| Untracked 
| 104|0x000000070e200000, 0x000000070e200000, 0x000000070e400000|  0%| F|  |TAMS 0x000000070e200000| PB 0x000000070e200000| Untracked 
| 105|0x000000070e400000, 0x000000070e600000, 0x000000070e600000|100%| S|CS|TAMS 0x000000070e400000| PB 0x000000070e400000| Complete 
| 106|0x000000070e600000, 0x000000070e800000, 0x000000070e800000|100%| S|CS|TAMS 0x000000070e600000| PB 0x000000070e600000| Complete 
| 107|0x000000070e800000, 0x000000070ea00000, 0x000000070ea00000|100%| S|CS|TAMS 0x000000070e800000| PB 0x000000070e800000| Complete 
| 108|0x000000070ea00000, 0x000000070ea00000, 0x000000070ec00000|  0%| F|  |TAMS 0x000000070ea00000| PB 0x000000070ea00000| Untracked 
| 109|0x000000070ec00000, 0x000000070ec00000, 0x000000070ee00000|  0%| F|  |TAMS 0x000000070ec00000| PB 0x000000070ec00000| Untracked 
| 110|0x000000070ee00000, 0x000000070ee00000, 0x000000070f000000|  0%| F|  |TAMS 0x000000070ee00000| PB 0x000000070ee00000| Untracked 
| 111|0x000000070f000000, 0x000000070f000000, 0x000000070f200000|  0%| F|  |TAMS 0x000000070f000000| PB 0x000000070f000000| Untracked 
| 112|0x000000070f200000, 0x000000070f200000, 0x000000070f400000|  0%| F|  |TAMS 0x000000070f200000| PB 0x000000070f200000| Untracked 
| 113|0x000000070f400000, 0x000000070f400000, 0x000000070f600000|  0%| F|  |TAMS 0x000000070f400000| PB 0x000000070f400000| Untracked 
| 114|0x000000070f600000, 0x000000070f600000, 0x000000070f800000|  0%| F|  |TAMS 0x000000070f600000| PB 0x000000070f600000| Untracked 
| 115|0x000000070f800000, 0x000000070f800000, 0x000000070fa00000|  0%| F|  |TAMS 0x000000070f800000| PB 0x000000070f800000| Untracked 
| 116|0x000000070fa00000, 0x000000070fa00000, 0x000000070fc00000|  0%| F|  |TAMS 0x000000070fa00000| PB 0x000000070fa00000| Untracked 
| 117|0x000000070fc00000, 0x000000070fc00000, 0x000000070fe00000|  0%| F|  |TAMS 0x000000070fc00000| PB 0x000000070fc00000| Untracked 
| 118|0x000000070fe00000, 0x000000070fe00000, 0x0000000710000000|  0%| F|  |TAMS 0x000000070fe00000| PB 0x000000070fe00000| Untracked 
| 119|0x0000000710000000, 0x0000000710000000, 0x0000000710200000|  0%| F|  |TAMS 0x0000000710000000| PB 0x0000000710000000| Untracked 
| 120|0x0000000710200000, 0x0000000710200000, 0x0000000710400000|  0%| F|  |TAMS 0x0000000710200000| PB 0x0000000710200000| Untracked 
| 121|0x0000000710400000, 0x0000000710400000, 0x0000000710600000|  0%| F|  |TAMS 0x0000000710400000| PB 0x0000000710400000| Untracked 
| 122|0x0000000710600000, 0x0000000710600000, 0x0000000710800000|  0%| F|  |TAMS 0x0000000710600000| PB 0x0000000710600000| Untracked 
| 123|0x0000000710800000, 0x00000007108c2f28, 0x0000000710a00000| 38%| E|  |TAMS 0x0000000710800000| PB 0x0000000710800000| Complete 
| 124|0x0000000710a00000, 0x0000000710c00000, 0x0000000710c00000|100%| E|CS|TAMS 0x0000000710a00000| PB 0x0000000710a00000| Complete 
| 125|0x0000000710c00000, 0x0000000710e00000, 0x0000000710e00000|100%| E|CS|TAMS 0x0000000710c00000| PB 0x0000000710c00000| Complete 
| 126|0x0000000710e00000, 0x0000000711000000, 0x0000000711000000|100%| E|CS|TAMS 0x0000000710e00000| PB 0x0000000710e00000| Complete 
| 127|0x0000000711000000, 0x0000000711200000, 0x0000000711200000|100%| E|CS|TAMS 0x0000000711000000| PB 0x0000000711000000| Complete 

Card table byte_map: [0x0000029ef57d0000,0x0000029ef5fd0000] _byte_map_base: 0x0000029ef1fc7000

Marking Bits: (CMBitMap*) 0x0000029eec413c80
 Bits: [0x0000029ef5fd0000, 0x0000029ef9f88000)

Polling page: 0x0000029eebb20000

Metaspace:

Usage:
  Non-class:      9.80 MB used.
      Class:    885.04 KB used.
       Both:     10.66 MB used.

Virtual space:
  Non-class space:       64.00 MB reserved,       9.94 MB ( 16%) committed,  1 nodes.
      Class space:        1.00 GB reserved,     960.00 KB ( <1%) committed,  1 nodes.
             Both:        1.06 GB reserved,      10.88 MB ( <1%) committed. 

Chunk freelists:
   Non-Class:  4.92 MB
       Class:  15.06 MB
        Both:  19.98 MB

MaxMetaspaceSize: unlimited
CompressedClassSpaceSize: 1.00 GB
Initial GC threshold: 21.00 MB
Current GC threshold: 21.00 MB
CDS: on
 - commit_granule_bytes: 65536.
 - commit_granule_words: 8192.
 - virtual_space_node_default_size: 8388608.
 - enlarge_chunks_in_place: 1.
 - use_allocation_guard: 0.


Internal statistics:

num_allocs_failed_limit: 0.
num_arena_births: 204.
num_arena_deaths: 0.
num_vsnodes_births: 2.
num_vsnodes_deaths: 0.
num_space_committed: 172.
num_space_uncommitted: 0.
num_chunks_returned_to_freelist: 0.
num_chunks_taken_from_freelist: 531.
num_chunk_merges: 0.
num_chunk_splits: 379.
num_chunks_enlarged: 276.
num_inconsistent_stats: 0.

CodeHeap 'non-profiled nmethods': size=120000Kb used=1832Kb max_used=1832Kb free=118167Kb
 bounds [0x0000029e87ad0000, 0x0000029e87d40000, 0x0000029e8f000000]
CodeHeap 'profiled nmethods': size=120000Kb used=6019Kb max_used=6019Kb free=113981Kb
 bounds [0x0000029e80000000, 0x0000029e805f0000, 0x0000029e87530000]
CodeHeap 'non-nmethods': size=5760Kb used=2265Kb max_used=2294Kb free=3494Kb
 bounds [0x0000029e87530000, 0x0000029e877a0000, 0x0000029e87ad0000]
 total_blobs=4034 nmethods=2834 adapters=1104
 compilation: enabled
              stopped_count=0, restarted_count=0
 full_count=0

Compilation events (20 events):
Event: 29.332 Thread 0x0000029efcda1c30 2828       1       com.badlogic.gdx.graphics.glutils.FileTextureData::isPrepared (5 bytes)
Event: 29.333 Thread 0x0000029efcda1c30 nmethod 2828 0x0000029e87c90790 code [0x0000029e87c90920, 0x0000029e87c909f0]
Event: 29.348 Thread 0x0000029efcda1c30 2830       3       java.lang.String::split (242 bytes)
Event: 29.349 Thread 0x0000029efcda1c30 nmethod 2830 0x0000029e805d2f90 code [0x0000029e805d33a0, 0x0000029e805d55d0]
Event: 29.349 Thread 0x0000029efcda1c30 2831 % !   3       com.badlogic.gdx.maps.tiled.BaseTmxMapLoader::getTileIds @ 67 (519 bytes)
Event: 29.352 Thread 0x0000029efcda1c30 nmethod 2831% 0x0000029e805d6290 code [0x0000029e805d6ae0, 0x0000029e805db2b8]
Event: 29.352 Thread 0x0000029efcda1c30 2832       3       com.badlogic.gdx.graphics.g2d.TextureAtlas$AtlasRegion::<init> (111 bytes)
Event: 29.352 Thread 0x0000029efcda1c30 nmethod 2832 0x0000029e805dd890 code [0x0000029e805dda60, 0x0000029e805dde98]
Event: 29.352 Thread 0x0000029efcda1c30 2833       3       javazoom.jl.decoder.Header::calculate_framesize (283 bytes)
Event: 29.353 Thread 0x0000029efcda1c30 nmethod 2833 0x0000029e805de010 code [0x0000029e805de200, 0x0000029e805de840]
Event: 29.353 Thread 0x0000029efcda1c30 2834       3       javazoom.jl.decoder.Bitstream::read_frame_data (30 bytes)
Event: 29.353 Thread 0x0000029efcda1c30 nmethod 2834 0x0000029e805deb90 code [0x0000029e805ded40, 0x0000029e805deec0]
Event: 29.359 Thread 0x0000029efcda1c30 2835       3       jdk.internal.ref.Cleaner::create (19 bytes)
Event: 29.359 Thread 0x0000029efcda1c30 nmethod 2835 0x0000029e805def90 code [0x0000029e805df1a0, 0x0000029e805df968]
Event: 29.359 Thread 0x0000029efcda1c30 2836       3       jdk.internal.ref.Cleaner::<init> (24 bytes)
Event: 29.359 Thread 0x0000029efcda1c30 nmethod 2836 0x0000029e805dfb90 code [0x0000029e805dfd60, 0x0000029e805e0138]
Event: 29.359 Thread 0x0000029efcda1c30 2837       3       com.badlogic.gdx.utils.reflect.ArrayReflection::newInstance (6 bytes)
Event: 29.359 Thread 0x0000029efcda1c30 nmethod 2837 0x0000029e805e0290 code [0x0000029e805e0440, 0x0000029e805e05b0]
Event: 29.359 Thread 0x0000029efcda1c30 2838       3       com.badlogic.gdx.utils.IntArray::<init> (7 bytes)
Event: 29.360 Thread 0x0000029efcda1c30 nmethod 2838 0x0000029e805e0690 code [0x0000029e805e0840, 0x0000029e805e0b08]

GC Heap History (4 events):
Event: 1.779 GC heap before
{Heap before GC invocations=0 (full 0):
 garbage-first heap   total 262144K, used 22528K [0x0000000701200000, 0x0000000800000000)
  region size 2048K, 11 young (22528K), 0 survivors (0K)
 Metaspace       used 7888K, committed 8128K, reserved 1114112K
  class space    used 593K, committed 704K, reserved 1048576K
}
Event: 1.783 GC heap after
{Heap after GC invocations=1 (full 0):
 garbage-first heap   total 262144K, used 3247K [0x0000000701200000, 0x0000000800000000)
  region size 2048K, 2 young (4096K), 2 survivors (4096K)
 Metaspace       used 7888K, committed 8128K, reserved 1114112K
  class space    used 593K, committed 704K, reserved 1048576K
}
Event: 19.333 GC heap before
{Heap before GC invocations=1 (full 0):
 garbage-first heap   total 262144K, used 42159K [0x0000000701200000, 0x0000000800000000)
  region size 2048K, 20 young (40960K), 2 survivors (4096K)
 Metaspace       used 10613K, committed 10816K, reserved 1114112K
  class space    used 880K, committed 960K, reserved 1048576K
}
Event: 19.339 GC heap after
{Heap after GC invocations=2 (full 0):
 garbage-first heap   total 262144K, used 8611K [0x0000000701200000, 0x0000000800000000)
  region size 2048K, 3 young (6144K), 3 survivors (6144K)
 Metaspace       used 10613K, committed 10816K, reserved 1114112K
  class space    used 880K, committed 960K, reserved 1048576K
}

Dll operation events (11 events):
Event: 0.008 Loaded shared library C:\Program Files\Eclipse Adoptium\jdk-21.0.5.11-hotspot\bin\java.dll
Event: 0.038 Loaded shared library C:\Program Files\Eclipse Adoptium\jdk-21.0.5.11-hotspot\bin\jsvml.dll
Event: 0.121 Loaded shared library C:\Program Files\Eclipse Adoptium\jdk-21.0.5.11-hotspot\bin\net.dll
Event: 0.123 Loaded shared library C:\Program Files\Eclipse Adoptium\jdk-21.0.5.11-hotspot\bin\nio.dll
Event: 0.126 Loaded shared library C:\Program Files\Eclipse Adoptium\jdk-21.0.5.11-hotspot\bin\zip.dll
Event: 0.216 Loaded shared library C:\Program Files\Eclipse Adoptium\jdk-21.0.5.11-hotspot\bin\jimage.dll
Event: 0.223 Loaded shared library C:\ProgramData\libGDX-temp\libgdxSiebe\8d3b5089\gdx64.dll
Event: 0.275 Loaded shared library C:\ProgramData\libGDX-temp\lwjgl_Siebe\3.3.4+7\x64\lwjgl.dll
Event: 0.815 Loaded shared library C:\ProgramData\libGDX-temp\lwjgl_Siebe\3.3.4+7\x64\lwjgl_opengl.dll
Event: 1.381 Loaded shared library C:\ProgramData\libGDX-temp\libgdxSiebe\5c4d431d\gdx-freetype64.dll
Event: 2.706 Loaded shared library C:\ProgramData\libGDX-temp\libgdxSiebe\4ca5c0bf\gdx-box2d64.dll

Deoptimization events (20 events):
Event: 22.715 Thread 0x0000029eec3ab610 DEOPT PACKING pc=0x0000029e80539f80 sp=0x000000bfb58ff250
Event: 22.715 Thread 0x0000029eec3ab610 DEOPT UNPACKING pc=0x0000029e87584e42 sp=0x000000bfb58fe690 mode 0
Event: 22.715 Thread 0x0000029eec3ab610 DEOPT PACKING pc=0x0000029e80531264 sp=0x000000bfb58ff1e0
Event: 22.715 Thread 0x0000029eec3ab610 DEOPT UNPACKING pc=0x0000029e87584e42 sp=0x000000bfb58fe690 mode 0
Event: 22.914 Thread 0x0000029eec3ab610 DEOPT PACKING pc=0x0000029e8053dda8 sp=0x000000bfb58ff220
Event: 22.914 Thread 0x0000029eec3ab610 DEOPT UNPACKING pc=0x0000029e87584e42 sp=0x000000bfb58fe6c8 mode 0
Event: 23.141 Thread 0x0000029eec3ab610 DEOPT PACKING pc=0x0000029e8053dda8 sp=0x000000bfb58ff220
Event: 23.141 Thread 0x0000029eec3ab610 DEOPT UNPACKING pc=0x0000029e87584e42 sp=0x000000bfb58fe6c8 mode 0
Event: 23.142 Thread 0x0000029eec3ab610 DEOPT PACKING pc=0x0000029e8053dda8 sp=0x000000bfb58ff220
Event: 23.142 Thread 0x0000029eec3ab610 DEOPT UNPACKING pc=0x0000029e87584e42 sp=0x000000bfb58fe6c8 mode 0
Event: 25.221 Thread 0x0000029eec3ab610 DEOPT PACKING pc=0x0000029e804ed0d0 sp=0x000000bfb58ff290
Event: 25.221 Thread 0x0000029eec3ab610 DEOPT UNPACKING pc=0x0000029e87584e42 sp=0x000000bfb58fe708 mode 0
Event: 25.222 Thread 0x0000029eec3ab610 DEOPT PACKING pc=0x0000029e803d1bf9 sp=0x000000bfb58ff230
Event: 25.222 Thread 0x0000029eec3ab610 DEOPT UNPACKING pc=0x0000029e87584e42 sp=0x000000bfb58fe6e8 mode 0
Event: 29.319 Thread 0x0000029eec3ab610 DEOPT PACKING pc=0x0000029e80361e8b sp=0x000000bfb58fee10
Event: 29.319 Thread 0x0000029eec3ab610 DEOPT UNPACKING pc=0x0000029e87584e42 sp=0x000000bfb58fe3d8 mode 0
Event: 29.408 Thread 0x0000029eec3ab610 Uncommon trap: trap_request=0xffffff45 fr.pc=0x0000029e87c7a5a0 relative=0x0000000000000820
Event: 29.408 Thread 0x0000029eec3ab610 Uncommon trap: reason=unstable_if action=reinterpret pc=0x0000029e87c7a5a0 method=com.badlogic.gdx.physics.box2d.Box2DDebugRenderer.getColorByBody(Lcom/badlogic/gdx/physics/box2d/Body;)Lcom/badlogic/gdx/graphics/Color; @ 4 c2
Event: 29.408 Thread 0x0000029eec3ab610 DEOPT PACKING pc=0x0000029e87c7a5a0 sp=0x000000bfb58ff270
Event: 29.408 Thread 0x0000029eec3ab610 DEOPT UNPACKING pc=0x0000029e875846a2 sp=0x000000bfb58ff1c0 mode 2

Classes loaded (20 events):
Event: 2.864 Loading class sun/util/resources/LocaleData$CommonResourceBundleProvider
Event: 2.864 Loading class sun/util/resources/LocaleData$LocaleDataResourceBundleProvider
Event: 2.864 Loading class java/util/spi/ResourceBundleProvider
Event: 2.864 Loading class java/util/spi/ResourceBundleProvider done
Event: 2.864 Loading class sun/util/resources/LocaleData$LocaleDataResourceBundleProvider done
Event: 2.864 Loading class sun/util/resources/LocaleData$CommonResourceBundleProvider done
Event: 2.865 Loading class sun/util/resources/Bundles$2
Event: 2.865 Loading class sun/util/resources/Bundles$2 done
Event: 4.431 Loading class jdk/internal/reflect/MethodHandleBooleanFieldAccessorImpl
Event: 4.431 Loading class jdk/internal/reflect/MethodHandleBooleanFieldAccessorImpl done
Event: 4.439 Loading class sun/nio/cs/UTF_8$Encoder
Event: 4.440 Loading class sun/nio/cs/UTF_8$Encoder done
Event: 4.440 Loading class java/io/FileOutputStream$1
Event: 4.440 Loading class java/io/FileOutputStream$1 done
Event: 6.348 Loading class java/lang/FdLibm$Atan2
Event: 6.349 Loading class java/lang/FdLibm$Atan2 done
Event: 6.349 Loading class java/lang/FdLibm
Event: 6.349 Loading class java/lang/FdLibm done
Event: 6.349 Loading class java/lang/FdLibm$Atan
Event: 6.349 Loading class java/lang/FdLibm$Atan done

Classes unloaded (0 events):
No events

Classes redefined (0 events):
No events

Internal exceptions (20 events):
Event: 0.436 Thread 0x0000029eec3ab610 Exception <a 'sun/nio/fs/WindowsException'{0x00000007109605c0}> (0x00000007109605c0) 
thrown [s\src\hotspot\share\prims\jni.cpp, line 520]
Event: 0.496 Thread 0x0000029eec3ab610 Exception <a 'java/lang/NoSuchMethodError'{0x00000007109a09c0}: 'java.lang.Object java.lang.invoke.DirectMethodHandle$Holder.newInvokeSpecial(java.lang.Object, long)'> (0x00000007109a09c0) 
thrown [s\src\hotspot\share\interpreter\linkResolver.cpp, line 773]
Event: 0.802 Thread 0x0000029eec3ab610 Exception <a 'java/lang/NoSuchMethodError'{0x0000000710783de8}: 'void java.lang.invoke.DirectMethodHandle$Holder.invokeStatic(java.lang.Object, long)'> (0x0000000710783de8) 
thrown [s\src\hotspot\share\interpreter\linkResolver.cpp, line 773]
Event: 0.809 Thread 0x0000029eec3ab610 Exception <a 'java/lang/NoSuchMethodError'{0x00000007107a2390}: 'void java.lang.System.load(java.lang.String, java.lang.Class)'> (0x00000007107a2390) 
thrown [s\src\hotspot\share\interpreter\linkResolver.cpp, line 773]
Event: 0.810 Thread 0x0000029eec3ab610 Exception <a 'java/lang/NoSuchMethodError'{0x00000007107a4e00}: 'void java.lang.System.loadLibrary(java.lang.String, java.lang.Class)'> (0x00000007107a4e00) 
thrown [s\src\hotspot\share\interpreter\linkResolver.cpp, line 773]
Event: 0.813 Thread 0x0000029eec3ab610 Exception <a 'sun/nio/fs/WindowsException'{0x00000007107b4720}> (0x00000007107b4720) 
thrown [s\src\hotspot\share\prims\jni.cpp, line 520]
Event: 0.813 Thread 0x0000029eec3ab610 Exception <a 'sun/nio/fs/WindowsException'{0x00000007107b4a98}> (0x00000007107b4a98) 
thrown [s\src\hotspot\share\prims\jni.cpp, line 520]
Event: 0.817 Thread 0x0000029eec3ab610 Exception <a 'sun/nio/fs/WindowsException'{0x00000007107be580}> (0x00000007107be580) 
thrown [s\src\hotspot\share\prims\jni.cpp, line 520]
Event: 0.817 Thread 0x0000029eec3ab610 Exception <a 'sun/nio/fs/WindowsException'{0x00000007107be830}> (0x00000007107be830) 
thrown [s\src\hotspot\share\prims\jni.cpp, line 520]
Event: 1.386 Thread 0x0000029eec3ab610 Exception <a 'java/lang/NoSuchMethodError'{0x000000070ffe06d8}: 'int java.lang.invoke.DirectMethodHandle$Holder.invokeSpecial(java.lang.Object, java.lang.Object, java.lang.Object, int)'> (0x000000070ffe06d8) 
thrown [s\src\hotspot\share\interpreter\linkResolver.cpp, line 773]
Event: 1.388 Thread 0x0000029eec3ab610 Exception <a 'java/lang/NoSuchMethodError'{0x000000070fff2dc0}: 'java.lang.Object java.lang.invoke.DirectMethodHandle$Holder.invokeStatic(java.lang.Object, java.lang.Object, java.lang.Object, java.lang.Object, int)'> (0x000000070fff2dc0) 
thrown [s\src\hotspot\share\interpreter\linkResolver.cpp, line 773]
Event: 1.388 Thread 0x0000029eec3ab610 Exception <a 'java/lang/NoSuchMethodError'{0x000000070fffa608}: 'long java.lang.invoke.DirectMethodHandle$Holder.invokeStatic(java.lang.Object, java.lang.Object, int)'> (0x000000070fffa608) 
thrown [s\src\hotspot\share\interpreter\linkResolver.cpp, line 773]
Event: 1.390 Thread 0x0000029eec3ab610 Exception <a 'java/lang/NoSuchMethodError'{0x000000070fc05d08}: 'java.lang.Object java.lang.invoke.DelegatingMethodHandle$Holder.reinvoke_L(java.lang.Object, int, long, java.lang.Object, java.lang.Object, int, java.lang.Object)'> (0x000000070fc05d08) 
thrown [s\src\hotspot\share\interpreter\linkResolver.cpp, line 773]
Event: 1.833 Thread 0x0000029eec3ab610 Exception <a 'java/lang/NoSuchMethodError'{0x0000000710e66f58}: 'void java.lang.invoke.Invokers$Holder.invokeExact_MT(java.lang.Object, java.lang.Object, java.lang.Object, java.lang.Object)'> (0x0000000710e66f58) 
thrown [s\src\hotspot\share\interpreter\linkResolver.cpp, line 773]
Event: 1.960 Thread 0x0000029eec3ab610 Exception <a 'java/lang/NoSuchMethodError'{0x0000000710faf528}: 'void java.lang.invoke.DelegatingMethodHandle$Holder.reinvoke_L(java.lang.Object, java.lang.Object, int)'> (0x0000000710faf528) 
thrown [s\src\hotspot\share\interpreter\linkResolver.cpp, line 773]
Event: 1.961 Thread 0x0000029eec3ab610 Exception <a 'java/lang/NoSuchMethodError'{0x0000000710fb5e48}: 'void java.lang.invoke.Invokers$Holder.invokeExact_MT(java.lang.Object, java.lang.Object, int, java.lang.Object)'> (0x0000000710fb5e48) 
thrown [s\src\hotspot\share\interpreter\linkResolver.cpp, line 773]
Event: 1.962 Thread 0x0000029eec3ab610 Exception <a 'java/lang/NoSuchMethodError'{0x0000000710fbc2e8}: 'long java.lang.invoke.DelegatingMethodHandle$Holder.reinvoke_L(java.lang.Object, java.lang.Object)'> (0x0000000710fbc2e8) 
thrown [s\src\hotspot\share\interpreter\linkResolver.cpp, line 773]
Event: 1.963 Thread 0x0000029eec3ab610 Exception <a 'java/lang/NoSuchMethodError'{0x0000000710fc5e50}: 'void java.lang.invoke.DelegatingMethodHandle$Holder.reinvoke_L(java.lang.Object, java.lang.Object, long)'> (0x0000000710fc5e50) 
thrown [s\src\hotspot\share\interpreter\linkResolver.cpp, line 773]
Event: 4.431 Thread 0x0000029eec3ab610 Exception <a 'java/lang/NoSuchMethodError'{0x00000007102fcdc8}: 'int java.lang.invoke.Invokers$Holder.invokeExact_MT(java.lang.Object, java.lang.Object, java.lang.Object)'> (0x00000007102fcdc8) 
thrown [s\src\hotspot\share\interpreter\linkResolver.cpp, line 773]
Event: 4.431 Thread 0x0000029eec3ab610 Exception <a 'java/lang/NoSuchMethodError'{0x0000000710303058}: 'long java.lang.invoke.Invokers$Holder.invokeExact_MT(java.lang.Object, java.lang.Object, java.lang.Object)'> (0x0000000710303058) 
thrown [s\src\hotspot\share\interpreter\linkResolver.cpp, line 773]

ZGC Phase Switch (0 events):
No events

VM Operations (20 events):
Event: 19.333 Executing VM operation: G1CollectForAllocation (G1 Evacuation Pause)
Event: 19.339 Executing VM operation: G1CollectForAllocation (G1 Evacuation Pause) done
Event: 20.341 Executing VM operation: Cleanup
Event: 20.341 Executing VM operation: Cleanup done
Event: 21.341 Executing VM operation: Cleanup
Event: 21.341 Executing VM operation: Cleanup done
Event: 22.341 Executing VM operation: Cleanup
Event: 22.341 Executing VM operation: Cleanup done
Event: 23.342 Executing VM operation: Cleanup
Event: 23.342 Executing VM operation: Cleanup done
Event: 24.343 Executing VM operation: Cleanup
Event: 24.343 Executing VM operation: Cleanup done
Event: 26.345 Executing VM operation: Cleanup
Event: 26.345 Executing VM operation: Cleanup done
Event: 27.345 Executing VM operation: Cleanup
Event: 27.345 Executing VM operation: Cleanup done
Event: 28.346 Executing VM operation: Cleanup
Event: 28.346 Executing VM operation: Cleanup done
Event: 29.346 Executing VM operation: Cleanup
Event: 29.346 Executing VM operation: Cleanup done

Memory protections (0 events):
No events

Nmethod flushes (0 events):
No events

Events (20 events):
Event: 2.682 Thread 0x0000029efcda1c30 Thread added: 0x0000029efcda1560
Event: 2.873 Thread 0x0000029eec3ab610 Thread added: 0x0000029edb5f7f20
Event: 2.993 Thread 0x0000029efcda1560 Thread exited: 0x0000029efcda1560
Event: 2.993 Thread 0x0000029efcda29d0 Thread exited: 0x0000029efcda29d0
Event: 2.996 Thread 0x0000029efcda1c30 Thread added: 0x0000029edadb5990
Event: 3.386 Thread 0x0000029edadb5990 Thread exited: 0x0000029edadb5990
Event: 3.442 Thread 0x0000029efcda1c30 Thread added: 0x0000029edadb5990
Event: 3.680 Thread 0x0000029edadb5990 Thread exited: 0x0000029edadb5990
Event: 5.927 Thread 0x0000029efcc20380 Thread added: 0x0000029edadb6730
Event: 6.174 Thread 0x0000029edadb6730 Thread exited: 0x0000029edadb6730
Event: 18.196 Thread 0x0000029efcda1c30 Thread added: 0x0000029edadb4520
Event: 19.249 Thread 0x0000029edadb4520 Thread exited: 0x0000029edadb4520
Event: 19.345 Thread 0x0000029efcc20380 Thread added: 0x0000029edadb4520
Event: 19.579 Thread 0x0000029edadb4520 Thread exited: 0x0000029edadb4520
Event: 22.302 Thread 0x0000029efcda1c30 Thread added: 0x0000029edadb4520
Event: 22.302 Thread 0x0000029efcda1c30 Thread added: 0x0000029edadb96e0
Event: 22.446 Thread 0x0000029edadb96e0 Thread exited: 0x0000029edadb96e0
Event: 22.500 Thread 0x0000029edadb4520 Thread exited: 0x0000029edadb4520
Event: 22.715 Thread 0x0000029efcc20380 Thread added: 0x0000029edadb4520
Event: 22.980 Thread 0x0000029edadb4520 Thread exited: 0x0000029edadb4520


Dynamic libraries:
0x00007ff79f230000 - 0x00007ff79f23e000 	C:\Program Files\Eclipse Adoptium\jdk-21.0.5.11-hotspot\bin\java.exe
0x00007fffdc8e0000 - 0x00007fffdcb43000 	C:\WINDOWS\SYSTEM32\ntdll.dll
0x00007fffdb5d0000 - 0x00007fffdb698000 	C:\WINDOWS\System32\KERNEL32.DLL
0x00007fffda380000 - 0x00007fffda732000 	C:\WINDOWS\System32\KERNELBASE.dll
0x00007fffd9cb0000 - 0x00007fffd9dfb000 	C:\WINDOWS\System32\ucrtbase.dll
0x00007fffc2590000 - 0x00007fffc25a8000 	C:\Program Files\Eclipse Adoptium\jdk-21.0.5.11-hotspot\bin\jli.dll
0x00007fffd5890000 - 0x00007fffd58ae000 	C:\Program Files\Eclipse Adoptium\jdk-21.0.5.11-hotspot\bin\VCRUNTIME140.dll
0x00007fffdbc90000 - 0x00007fffdbe58000 	C:\WINDOWS\System32\USER32.dll
0x00007fffd8dc0000 - 0x00007fffd9050000 	C:\WINDOWS\WinSxS\amd64_microsoft.windows.common-controls_6595b64144ccf1df_6.0.26100.2454_none_3e0b68a2e331ad60\COMCTL32.dll
0x00007fffda1f0000 - 0x00007fffda217000 	C:\WINDOWS\System32\win32u.dll
0x00007fffdc2e0000 - 0x00007fffdc389000 	C:\WINDOWS\System32\msvcrt.dll
0x00007fffdac40000 - 0x00007fffdac6a000 	C:\WINDOWS\System32\GDI32.dll
0x00007fffd9e90000 - 0x00007fffd9fbb000 	C:\WINDOWS\System32\gdi32full.dll
0x00007fffd9fc0000 - 0x00007fffda063000 	C:\WINDOWS\System32\msvcp_win.dll
0x00007fffdab20000 - 0x00007fffdab4f000 	C:\WINDOWS\System32\IMM32.DLL
0x00007fffd9620000 - 0x00007fffd962c000 	C:\Program Files\Eclipse Adoptium\jdk-21.0.5.11-hotspot\bin\vcruntime140_1.dll
0x00007fffc2070000 - 0x00007fffc20fd000 	C:\Program Files\Eclipse Adoptium\jdk-21.0.5.11-hotspot\bin\msvcp140.dll
0x00007fff1aa10000 - 0x00007fff1b79f000 	C:\Program Files\Eclipse Adoptium\jdk-21.0.5.11-hotspot\bin\server\jvm.dll
0x00007fffdb490000 - 0x00007fffdb544000 	C:\WINDOWS\System32\ADVAPI32.dll
0x00007fffdb750000 - 0x00007fffdb7f6000 	C:\WINDOWS\System32\sechost.dll
0x00007fffdc420000 - 0x00007fffdc536000 	C:\WINDOWS\System32\RPCRT4.dll
0x00007fffdb410000 - 0x00007fffdb484000 	C:\WINDOWS\System32\WS2_32.dll
0x00007fffd9b40000 - 0x00007fffd9b8e000 	C:\WINDOWS\SYSTEM32\POWRPROF.dll
0x00007fffd1330000 - 0x00007fffd133b000 	C:\WINDOWS\SYSTEM32\VERSION.dll
0x00007fffc7220000 - 0x00007fffc7256000 	C:\WINDOWS\SYSTEM32\WINMM.dll
0x00007fffd9b20000 - 0x00007fffd9b34000 	C:\WINDOWS\SYSTEM32\UMPDC.dll
0x00007fffd8190000 - 0x00007fffd81aa000 	C:\WINDOWS\SYSTEM32\kernel.appcore.dll
0x00007fffd35d0000 - 0x00007fffd35da000 	C:\Program Files\Eclipse Adoptium\jdk-21.0.5.11-hotspot\bin\jimage.dll
0x00007fffd9220000 - 0x00007fffd9461000 	C:\WINDOWS\SYSTEM32\DBGHELP.DLL
0x00007fffdbe60000 - 0x00007fffdc1de000 	C:\WINDOWS\System32\combase.dll
0x00007fffdc7c0000 - 0x00007fffdc896000 	C:\WINDOWS\System32\OLEAUT32.dll
0x00007fff96960000 - 0x00007fff96999000 	C:\WINDOWS\SYSTEM32\dbgcore.DLL
0x00007fffda220000 - 0x00007fffda2b9000 	C:\WINDOWS\System32\bcryptPrimitives.dll
0x00007fffc2570000 - 0x00007fffc258f000 	C:\Program Files\Eclipse Adoptium\jdk-21.0.5.11-hotspot\bin\java.dll
0x00007fffdac70000 - 0x00007fffdb371000 	C:\WINDOWS\System32\SHELL32.dll
0x00007fffd6f80000 - 0x00007fffd77b1000 	C:\WINDOWS\SYSTEM32\windows.storage.dll
0x00007fffdab60000 - 0x00007fffdac3a000 	C:\WINDOWS\System32\SHCORE.dll
0x00007fffdc750000 - 0x00007fffdc7ad000 	C:\WINDOWS\System32\shlwapi.dll
0x00007fffd9bc0000 - 0x00007fffd9bee000 	C:\WINDOWS\SYSTEM32\profapi.dll
0x00007fffc0e10000 - 0x00007fffc0ee7000 	C:\Program Files\Eclipse Adoptium\jdk-21.0.5.11-hotspot\bin\jsvml.dll
0x00007fffc2540000 - 0x00007fffc2550000 	C:\Program Files\Eclipse Adoptium\jdk-21.0.5.11-hotspot\bin\net.dll
0x00007fffd2e90000 - 0x00007fffd2fb6000 	C:\WINDOWS\SYSTEM32\WINHTTP.dll
0x00007fffd8650000 - 0x00007fffd86b8000 	C:\WINDOWS\system32\mswsock.dll
0x00007fffc2520000 - 0x00007fffc2536000 	C:\Program Files\Eclipse Adoptium\jdk-21.0.5.11-hotspot\bin\nio.dll
0x00007fffc2550000 - 0x00007fffc2568000 	C:\Program Files\Eclipse Adoptium\jdk-21.0.5.11-hotspot\bin\zip.dll
0x000000006e700000 - 0x000000006e72d000 	C:\ProgramData\libGDX-temp\libgdxSiebe\8d3b5089\gdx64.dll
0x00007fffb52b0000 - 0x00007fffb532b000 	C:\ProgramData\libGDX-temp\lwjgl_Siebe\3.3.4+7\x64\lwjgl.dll
0x00007fffb4bf0000 - 0x00007fffb4e61000 	C:\ProgramData\libGDX-temp\lwjgl_Siebe\3.3.4+7\x64\jemalloc.dll
0x00007fff9ef00000 - 0x00007fff9ef85000 	C:\ProgramData\libGDX-temp\lwjgl_Siebe\3.3.4+7\x64\glfw.dll
0x00007fff5f670000 - 0x00007fff5f6bb000 	C:\WINDOWS\SYSTEM32\dinput8.dll
0x00007fffd5870000 - 0x00007fffd5882000 	C:\WINDOWS\SYSTEM32\xinput1_4.dll
0x00007fffd9830000 - 0x00007fffd988f000 	C:\WINDOWS\SYSTEM32\cfgmgr32.dll
0x00007fffd9800000 - 0x00007fffd982d000 	C:\WINDOWS\SYSTEM32\DEVOBJ.dll
0x00007fffd6500000 - 0x00007fffd652e000 	C:\WINDOWS\SYSTEM32\dwmapi.dll
0x00007fffc5df0000 - 0x00007fffc5fcd000 	C:\WINDOWS\SYSTEM32\inputhost.dll
0x00007fffd5530000 - 0x00007fffd5655000 	C:\WINDOWS\SYSTEM32\CoreMessaging.dll
0x00007fffd6220000 - 0x00007fffd62cd000 	C:\WINDOWS\system32\uxtheme.dll
0x00007fffd94a0000 - 0x00007fffd94ac000 	C:\WINDOWS\SYSTEM32\CRYPTBASE.DLL
0x00007fffdc5f0000 - 0x00007fffdc74c000 	C:\WINDOWS\System32\MSCTF.dll
0x00007fff9ae20000 - 0x00007fff9affd000 	C:\ProgramData\libGDX-temp\lwjgl_Siebe\3.3.4+7\x64\OpenAL.dll
0x00007fffda790000 - 0x00007fffda929000 	C:\WINDOWS\System32\ole32.dll
0x00007fffdb6a0000 - 0x00007fffdb748000 	C:\WINDOWS\System32\clbcatq.dll
0x00007fffcde80000 - 0x00007fffcdf10000 	C:\WINDOWS\System32\MMDevApi.dll
0x00007fffcc450000 - 0x00007fffcc607000 	C:\WINDOWS\SYSTEM32\AUDIOSES.DLL
0x00007fffd6ae0000 - 0x00007fffd6af4000 	C:\WINDOWS\SYSTEM32\resourcepolicyclient.dll
0x00007fff5f260000 - 0x00007fff5f36c000 	C:\WINDOWS\SYSTEM32\opengl32.dll
0x00007fffa7150000 - 0x00007fffa717d000 	C:\WINDOWS\SYSTEM32\GLU32.dll
0x00007fffd6300000 - 0x00007fffd6347000 	C:\WINDOWS\SYSTEM32\dxcore.dll
0x00007fffd2310000 - 0x00007fffd232a000 	C:\WINDOWS\SYSTEM32\windows.staterepositorycore.dll
0x00007fff84c10000 - 0x00007fff87248000 	C:\WINDOWS\System32\DriverStore\FileRepository\nv_dispi.inf_amd64_ab3196e1830c9b6c\nvoglv64.dll
0x00007fffdb800000 - 0x00007fffdbc86000 	C:\WINDOWS\System32\SETUPAPI.dll
0x00007fffd6550000 - 0x00007fffd6565000 	C:\WINDOWS\SYSTEM32\WTSAPI32.dll
0x00007fffd8c30000 - 0x00007fffd8c43000 	C:\WINDOWS\SYSTEM32\msasn1.dll
0x00007fffd12e0000 - 0x00007fffd131b000 	C:\WINDOWS\SYSTEM32\cryptnet.dll
0x00007fffda070000 - 0x00007fffda1e6000 	C:\WINDOWS\System32\CRYPT32.dll
0x00007fffd89d0000 - 0x00007fffd8a2d000 	C:\WINDOWS\SYSTEM32\wldp.dll
0x00007fffd8a30000 - 0x00007fffd8ba8000 	C:\WINDOWS\SYSTEM32\drvstore.dll
0x00007fffd9e00000 - 0x00007fffd9e7f000 	C:\WINDOWS\System32\WINTRUST.dll
0x00007fffd9650000 - 0x00007fffd9685000 	C:\WINDOWS\SYSTEM32\ntmarta.dll
0x00007fffdc3f0000 - 0x00007fffdc410000 	C:\WINDOWS\System32\imagehlp.dll
0x00007fffd97e0000 - 0x00007fffd97fc000 	C:\WINDOWS\SYSTEM32\CRYPTSP.dll
0x00007fffd8760000 - 0x00007fffd8798000 	C:\WINDOWS\system32\rsaenh.dll
0x00007fffd97b0000 - 0x00007fffd97d6000 	C:\WINDOWS\SYSTEM32\bcrypt.dll
0x00007fffce280000 - 0x00007fffd0f90000 	C:\WINDOWS\System32\DriverStore\FileRepository\nv_dispi.inf_amd64_ab3196e1830c9b6c\nvgpucomp64.dll
0x00007fffb0e30000 - 0x00007fffb1100000 	C:\WINDOWS\system32\nvspcap64.dll
0x00007fffd98d0000 - 0x00007fffd992e000 	C:\WINDOWS\SYSTEM32\WINSTA.dll
0x00007fffc2e60000 - 0x00007fffc2f20000 	C:\WINDOWS\SYSTEM32\mscms.dll
0x00007fff5f5f0000 - 0x00007fff5f639000 	C:\WINDOWS\SYSTEM32\icm32.dll
0x00007fffc4220000 - 0x00007fffc4281000 	C:\ProgramData\libGDX-temp\lwjgl_Siebe\3.3.4+7\x64\lwjgl_opengl.dll
0x00007fffc6770000 - 0x00007fffc68b6000 	C:\WINDOWS\SYSTEM32\textinputframework.dll
0x00007fffd1c60000 - 0x00007fffd1f43000 	C:\WINDOWS\SYSTEM32\CoreUIComponents.dll
0x00007fffd2990000 - 0x00007fffd2af8000 	C:\WINDOWS\SYSTEM32\wintypes.dll
0x000000006a340000 - 0x000000006a3f4000 	C:\ProgramData\libGDX-temp\libgdxSiebe\5c4d431d\gdx-freetype64.dll
0x0000000066b00000 - 0x0000000066b5a000 	C:\ProgramData\libGDX-temp\libgdxSiebe\4ca5c0bf\gdx-box2d64.dll

dbghelp: loaded successfully - version: 4.0.5 - missing functions: none
symbol engine: initialized successfully - sym options: 0x614 - pdb path: .;C:\Program Files\Eclipse Adoptium\jdk-21.0.5.11-hotspot\bin;C:\WINDOWS\SYSTEM32;C:\WINDOWS\WinSxS\amd64_microsoft.windows.common-controls_6595b64144ccf1df_6.0.26100.2454_none_3e0b68a2e331ad60;C:\Program Files\Eclipse Adoptium\jdk-21.0.5.11-hotspot\bin\server;C:\ProgramData\libGDX-temp\libgdxSiebe\8d3b5089;C:\ProgramData\libGDX-temp\lwjgl_Siebe\3.3.4+7\x64;C:\WINDOWS\System32\DriverStore\FileRepository\nv_dispi.inf_amd64_ab3196e1830c9b6c;C:\ProgramData\libGDX-temp\libgdxSiebe\5c4d431d;C:\ProgramData\libGDX-temp\libgdxSiebe\4ca5c0bf

VM Arguments:
jvm_args: -Dfile.encoding=UTF-8 -Duser.country=DE -Duser.language=de -Duser.variant 
java_command: braid.main.lwjgl3.Lwjgl3Launcher
java_class_path (initial): C:\Users\Siebe\Desktop\Braid2\lwjgl3\build\classes\java\main;C:\Users\Siebe\Desktop\Braid2\lwjgl3\build\resources\main;C:\Users\Siebe\.gradle\caches\modules-2\files-2.1\com.badlogicgames.gdx-controllers\gdx-controllers-desktop\2.2.3\f496535b094461487a71b3f23a17cd7d524de0f5\gdx-controllers-desktop-2.2.3.jar;C:\Users\Siebe\.gradle\caches\modules-2\files-2.1\com.badlogicgames.gdx\gdx-backend-lwjgl3\1.13.0\bd205dae964d9e06432a14bc29de98ae22b0e342\gdx-backend-lwjgl3-1.13.0.jar;C:\Users\Siebe\.gradle\caches\modules-2\files-2.1\com.badlogicgames.gdx\gdx-box2d-platform\1.13.0\ba92923a9b6b75a20212e8ca215fa22f93810da8\gdx-box2d-platform-1.13.0-natives-desktop.jar;C:\Users\Siebe\.gradle\caches\modules-2\files-2.1\com.badlogicgames.gdx\gdx-bullet-platform\1.13.0\90dcec4c8ef0d64060bcce26f7f4b1c29db65e81\gdx-bullet-platform-1.13.0-natives-desktop.jar;C:\Users\Siebe\.gradle\caches\modules-2\files-2.1\com.badlogicgames.gdx\gdx-freetype-platform\1.13.0\8e2e4275e14852d8e7cf2ecac178ab7667fd3729\gdx-freetype-platform-1.13.0-natives-desktop.jar;C:\Users\Siebe\.gradle\caches\modules-2\files-2.1\com.badlogicgames.gdx\gdx-platform\1.13.0\86a8c9c55b62d5ea3a6532d25f3afa8314f69e78\gdx-platform-1.13.0-natives-desktop.jar;C:\Users\Siebe\Desktop\Braid2\core\build\libs\core-$projectVersion.jar;C:\Users\Siebe\.gradle\caches\modules-2\files-2.1\com.badlogicgames.gdx\gdx-tools\1.13.0\6e3df666aafb978b69b400bad733749cd8b028dd\gdx-tools-1.13.0.jar;C:\Users\Siebe\.gradle\caches\modules-2\files-2.1\com.badlogicgames.gdx-controllers\gdx-controllers-core\2.2.3\82b77d6cb6394420cdd480fc2ab373f7ba5e0e45\gdx-controllers-core-2.2.3.jar;C:\Users\Siebe\.gradle\caches\modules-2\files-2.1\com.badlogicgames.jamepad\jamepad\2.0.20.0\55eb0007fd55c9914d106dac3387b9d444572cab\jamepad-2.0.20.0.jar;C:\Users\Siebe\.gradle\caches\modules-2\files-2.1\com.badlogicgames.ashley\ashley\1.7.4\21a3a8932919099c4e5006a7d8378dcbe76ef8a5\ashley-1.7.4.jar;C:\Users\Siebe\.gradle\caches\modules-2\files-2.1\com.badlogicgames.gdx\gdx-ai\1.8.2\ab75d2ce80ab1b1ce6828a15dc0f417abac4c674\gdx-ai-1.8.2.jar;C:\Users\Siebe\.gradle\caches\modules-2\files-2.1\com.badlogicgames.box2dlights\box2dlights\1.5\6902dbcd250c95a27973aa24a147a95b3828d348\box2dlights-1.5.jar;C:\Users\Siebe\.gradle\caches\modules-2\files-2.1\com.badlogicgames.gdx\gdx-box2d\1.13.0\4e3dec7944c9f1972a6628922b54390a4f4dea44\gdx-box2d-1.13.0.jar;C:\Users\Siebe\.gradle\caches\modules-2\files-2.1\com.badlogicgames.gdx\gdx-bullet\1.13.0\e28a548808fa06b7ad1e102a490ec7a32878d828\gdx-bullet-1.13.0.jar;C:\Users\Siebe\.gradle\caches\modules-2\files-2.1\com.badlogicgames.gdx\gdx-freetype\1.13.0\283b1d86af06bff6dc4b33523d98fe7f44c9dcaa\gdx-freetype-1.13.0.jar;C:\Users\Siebe\.gradle\caches\modules-2\files-2.1\com.badlogicgames.gdx\gdx-backend-headless\1.13.0\f3f112c5ed02e8dba857ae14567849be79c702ea\gdx-backend-headless-1.13.0.jar;C:\Users\Siebe\.gradle\caches\modules-2\files-2.1\com.badlogicgames.gdx\gdx\1.13.0\5ad34f11004a70f4f2c55456461ab1dbf438eeea\gdx-1.13.0.jar;C:\Users\Siebe\.gradle\caches\modules-2\files-2.1\org.lwjgl\lwjgl-glfw\3.3.4\7e46ecdec85db8738053cfde1414352cd62dab74\lwjgl-glfw-3.3.4.jar;C:\Users\Siebe\.gradle\caches\modules-2\files-2.1\org.lwjgl\lwjgl-glfw\3.3.4\91e3d4b56d6d1369ef107b9d7801c9f38125c590\lwjgl-glfw-3.3.4-natives-linux.jar;C:\Users\Siebe\.gradle\caches\modules-2\files-2.1\org.lwjgl\lwjgl-glfw\3.3.4\449b8e4b7cf5c91b307605196230be84b1c51e9c\lwjgl-glfw-3.3.4-natives-linux-arm32.jar;C:\Users\Siebe\.gradle\caches\modules-2\files-2.1\org.lwjgl\lwjgl-glfw\3.3.4\6ed16dab2ee0d1325bcc5c0fdeabf53d2695fce2\lwjgl-glfw-3.3.4-natives-linux-arm64.jar;C:\Users\Siebe\.gradle\caches\modules-2\files-2.1\org.lwjgl\lwjgl-glfw\3.3.4\9582481036b6fb762c3f791e2ed26128152a1cec\lwjgl-glfw-3.3.4-natives-linux-riscv64.jar;C:\Users\Siebe\.gradle\caches\modules-2\files-2.1\org.lwjgl\lwjgl-glfw\3.3.4\753fa860987242ceefa990a6062a18dff4908a33\lwjgl-glfw-3.3.4-natives-macos.jar;C:\Users\Siebe\.gradle\caches\modules-2\files-2.1\org.lwjgl\lwjgl-glfw\3.3.4\4c358e983516fb6318b76c892ac35b79e8f2f8d9\lwjgl-glfw-3.3.4-natives-macos-arm64.jar;C:\Users\Siebe\.gradle\caches\modules-2\files-2.1\org.lwjgl\lwjgl-glfw\3.3.4\370ef92d15819a123c643dd2b0fc3a2d40bb263c\lwjgl-glfw-3.3.4-natives-windows.jar;C:\Users\Siebe\.gradle\caches\modules-2\files-2.1\org.lwjgl\lwjgl-glfw\3.3.4\3dbc102949a66255b95a31c2471f4c6a22b22737\lwjgl-glfw-3.3.4-natives-windows-x86.jar;C:\Users\Siebe\.gradle\caches\modules-2\files-2.1\org.lwjgl\lwjgl-jemalloc\3.3.4\e3f5dcb8e13f3a5ed3f740fd30a114cee2a80bc4\lwjgl-jemalloc-3.3.4.jar;C:\Users\Siebe\.gradle\caches\modules-2\files-2.1\org.lwjgl\lwjgl-jemalloc\3.3.4\4cf2f56192436b563f30524a5b389f3b37cae4af\lwjgl-jemalloc-3.3.4-natives-linux.jar;C:\Users\Siebe\.gradle\caches\modules-2\files-2.1\org.lwjgl\lwjgl-jemalloc\3.3.4\ff12080e919f34a9fb9dae32c26b36048d1f3393\lwjgl-jemalloc-3.3.4-natives-linux-arm32.jar;C:\Users\Siebe\.gradle\caches\modules-2\files-2.1\org.lwjgl\lwjgl-jemalloc\3.3.4\ebb67e23b0b83a8ee30f7b17eba6f289a43fd3f5\lwjgl-jemalloc-3.3.4-natives-linux-arm64.jar;C:\Users\Siebe\.gradle\caches\modules-2\files-2.1\org.lwjgl\lwjgl-jemalloc\3.3.4\6c5d38aad1dbd1c4945bcbe86640e616ceb9588f\lwjgl-jemalloc-3.3.4-natives-linux-riscv64.jar;C:\Users\Siebe\.gradle\caches\modules-2\files-2.1\org.lwjgl\lwjgl-jemalloc\3.3.4\bc99a9862de25a9bee2e340a2d404cd8933c5299\lwjgl-jemalloc-3.3.4-natives-macos.jar;C:\Users\Siebe\.gradle\caches\modules-2\files-2.1\org.lwjgl\lwjgl-jemalloc\3.3.4\f7a7d32a5ec6b5f20756e8ea9aa54ec7e5401c4f\lwjgl-jemalloc-3.3.4-natives-macos-arm64.jar;C:\Users\Siebe\.gradle\caches\modules-2\files-2.1\org.lwjgl\lwjgl-jemalloc\3.3.4\4fa19a3d8262e2d73d9632b70b753a2b67552951\lwjgl-jemalloc-3.3.4-natives-windows.jar;C:\Users\Siebe\.gradle\caches\modules-2\files-2.1\org.lwjgl\lwjgl-jemalloc\3.3.4\54087cafb7c5e0d5dc440d1aa61fae9a7b384785\lwjgl-jemalloc-3.3.4-natives-windows-x86.jar;C:\Users\Siebe\.gradle\caches\modules-2\files-2.1\org.lwjgl\lwjgl-openal\3.3.4\9b74d3ea380c83353d42af43ad9659e04dabe84a\lwjgl-openal-3.3.4.jar;C:\Users\Siebe\.gradle\caches\modules-2\files-2.1\org.lwjgl\lwjgl-openal\3.3.4\45189277b5ac64b849de7293e8b1ef2cf2082102\lwjgl-openal-3.3.4-natives-linux.jar;C:\Users\Siebe\.gradle\caches\modules-2\files-2.1\org.lwjgl\lwjgl-openal\3.3.4\2f9f237a80067a62ea6b5d2ca8e6ba7f09bdcdc6\lwjgl-openal-3.3.4-natives-linux-arm32.jar;C:\Users\Siebe\.gradle\caches\modules-2\files-2.1\org.lwjgl\lwjgl-openal\3.3.4\81d51b1e4c0094d2888bd2fe8452af9afbf9838e\lwjgl-openal-3.3.4-natives-linux-arm64.jar;C:\Users\Siebe\.gradle\caches\modules-2\files-2.1\org.lwjgl\lwjgl-openal\3.3.4\74c5ddf47ad6bee41348bbb0735008694b5315af\lwjgl-openal-3.3.4-natives-linux-riscv64.jar;C:\Users\Siebe\.gradle\caches\modules-2\files-2.1\org.lwjgl\lwjgl-openal\3.3.4\e2adb6049c1931bdebd98844bca17b9ac2758447\lwjgl-openal-3.3.4-natives-macos.jar;C:\Users\Siebe\.gradle\caches\modules-2\files-2.1\org.lwjgl\lwjgl-openal\3.3.4\a5dd94302fe588b081a5e5beecbfc4584a109c97\lwjgl-openal-3.3.4-natives-macos-arm64.jar;C:\Users\Siebe\.gradle\caches\modules-2\files-2.1\org.lwjgl\lwjgl-openal\3.3.4\c4de8af803aacda71044418095a71cd63b569a15\lwjgl-openal-3.3.4-natives-windows.jar;C:\Users\Siebe\.gradle\caches\modules-2\files-2.1\org.lwjgl\lwjgl-openal\3.3.4\35ccf6e634931b2f980bd232def11f81e66484a6\lwjgl-openal-3.3.4-natives-windows-x86.jar;C:\Users\Siebe\.gradle\caches\modules-2\files-2.1\org.lwjgl\lwjgl-opengl\3.3.4\2852ac7d9f6fc71349f1ce28e2708ff1977f18af\lwjgl-opengl-3.3.4.jar;C:\Users\Siebe\.gradle\caches\modules-2\files-2.1\org.lwjgl\lwjgl-opengl\3.3.4\789df76d2e3da55349d858dfb81442149af7c7f4\lwjgl-opengl-3.3.4-natives-linux.jar;C:\Users\Siebe\.gradle\caches\modules-2\files-2.1\org.lwjgl\lwjgl-opengl\3.3.4\34d3574cdb6acaf41e809f935d8917dbb65ca5e6\lwjgl-opengl-3.3.4-natives-linux-arm32.jar;C:\Users\Siebe\.gradle\caches\modules-2\files-2.1\org.lwjgl\lwjgl-opengl\3.3.4\26dfff75b853db7c5f1f37397c6f4899a4e24416\lwjgl-opengl-3.3.4-natives-linux-arm64.jar;C:\Users\Siebe\.gradle\caches\modules-2\files-2.1\org.lwjgl\lwjgl-opengl\3.3.4\6ea07b47dd91af8f3ee4a24ddb3cbf086d157a4e\lwjgl-opengl-3.3.4-natives-linux-riscv64.jar;C:\Users\Siebe\.gradle\caches\modules-2\files-2.1\org.lwjgl\lwjgl-opengl\3.3.4\ae0dd9d292744114f54d268a98cf1cd748b9994d\lwjgl-opengl-3.3.4-natives-macos.jar;C:\Users\Siebe\.gradle\caches\modules-2\files-2.1\org.lwjgl\lwjgl-opengl\3.3.4\832e7deef981577ee7aeb3b9e1c74bc0e5d26cce\lwjgl-opengl-3.3.4-natives-macos-arm64.jar;C:\Users\Siebe\.gradle\caches\modules-2\files-2.1\org.lwjgl\lwjgl-opengl\3.3.4\f7ca4e75573a9ce83075bd86bc8a3e49ff106696\lwjgl-opengl-3.3.4-natives-windows.jar;C:\Users\Siebe\.gradle\caches\modules-2\files-2.1\org.lwjgl\lwjgl-opengl\3.3.4\b6d5c724826bac85640a6049f0a1ddf431181126\lwjgl-opengl-3.3.4-natives-windows-x86.jar;C:\Users\Siebe\.gradle\caches\modules-2\files-2.1\org.lwjgl\lwjgl-stb\3.3.4\5821735d5ef23f6da8542887344e57eb181b7cac\lwjgl-stb-3.3.4.jar;C:\Users\Siebe\.gradle\caches\modules-2\files-2.1\org.lwjgl\lwjgl-stb\3.3.4\dfc129f009495e6effe8a023d7c3f9cf519e86e3\lwjgl-stb-3.3.4-natives-linux.jar;C:\Users\Siebe\.gradle\caches\modules-2\files-2.1\org.lwjgl\lwjgl-stb\3.3.4\d0df615de25e86afb4fec1ff20410a45797b5954\lwjgl-stb-3.3.4-natives-linux-arm32.jar;C:\Users\Siebe\.gradle\caches\modules-2\files-2.1\org.lwjgl\lwjgl-stb\3.3.4\8a3459c48b72822997cb5b417cd8a4fd7766aecb\lwjgl-stb-3.3.4-natives-linux-arm64.jar;C:\Users\Siebe\.gradle\caches\modules-2\files-2.1\org.lwjgl\lwjgl-stb\3.3.4\502804ee61eb7adb30bbb5e4459899f9a0cb23cf\lwjgl-stb-3.3.4-natives-linux-riscv64.jar;C:\Users\Siebe\.gradle\caches\modules-2\files-2.1\org.lwjgl\lwjgl-stb\3.3.4\7f4d84292e503b155d9c251fdbdf5c3a8ec0545\lwjgl-stb-3.3.4-natives-macos.jar;C:\Users\Siebe\.gradle\caches\modules-2\files-2.1\org.lwjgl\lwjgl-stb\3.3.4\42ce7e0be333378860b1aa9c0904478ee854a003\lwjgl-stb-3.3.4-natives-macos-arm64.jar;C:\Users\Siebe\.gradle\caches\modules-2\files-2.1\org.lwjgl\lwjgl-stb\3.3.4\8310e565463ec8d369528e8b26a9b1518d079a01\lwjgl-stb-3.3.4-natives-windows.jar;C:\Users\Siebe\.gradle\caches\modules-2\files-2.1\org.lwjgl\lwjgl-stb\3.3.4\d09beab94b973d0d919b1ceb3e057508c1f203f8\lwjgl-stb-3.3.4-natives-windows-x86.jar;C:\Users\Siebe\.gradle\caches\modules-2\files-2.1\org.lwjgl\lwjgl\3.3.4\b86c3e4832426e8a6b466013b7cb34b40e9ce956\lwjgl-3.3.4.jar;C:\Users\Siebe\.gradle\caches\modules-2\files-2.1\org.lwjgl\lwjgl\3.3.4\a7ccba1d3f2fef214943e74335a80cc65d04e49\lwjgl-3.3.4-natives-linux.jar;C:\Users\Siebe\.gradle\caches\modules-2\files-2.1\org.lwjgl\lwjgl\3.3.4\da1e9d39555144fd0445e542c6f57abb199d7e79\lwjgl-3.3.4-natives-linux-arm32.jar;C:\Users\Siebe\.gradle\caches\modules-2\files-2.1\org.lwjgl\lwjgl\3.3.4\620ead288ea92391f405003bfefcdef4588aa856\lwjgl-3.3.4-natives-linux-arm64.jar;C:\Users\Siebe\.gradle\caches\modules-2\files-2.1\org.lwjgl\lwjgl\3.3.4\3ce36a5c5e6feb61bad2ea1426352482e04c6db1\lwjgl-3.3.4-natives-linux-riscv64.jar;C:\Users\Siebe\.gradle\caches\modules-2\files-2.1\org.lwjgl\lwjgl\3.3.4\f952bb0894c946445942431de2e311feee635c00\lwjgl-3.3.4-natives-macos.jar;C:\Users\Siebe\.gradle\caches\modules-2\files-2.1\org.lwjgl\lwjgl\3.3.4\d12785da7cdca4921603b5dd83f712f5cdba3fc4\lwjgl-3.3.4-natives-macos-arm64.jar;C:\Users\Siebe\.gradle\caches\modules-2\files-2.1\org.lwjgl\lwjgl\3.3.4\dd0927c1348cdcd9573fa24b7278ec1ac2bb0a76\lwjgl-3.3.4-natives-windows.jar;C:\Users\Siebe\.gradle\caches\modules-2\files-2.1\org.lwjgl\lwjgl\3.3.4\4da2cf3d17e4f8c654f71b0ce003712e540c1a9f\lwjgl-3.3.4-natives-windows-x86.jar;C:\Users\Siebe\.gradle\caches\modules-2\files-2.1\com.badlogicgames.jlayer\jlayer\1.0.1-gdx\7cca83cec5c1b2f011362f4d85aabd71a73b049d\jlayer-1.0.1-gdx.jar;C:\Users\Siebe\.gradle\caches\modules-2\files-2.1\org.jcraft\jorbis\0.0.17\8872d22b293e8f5d7d56ff92be966e6dc28ebdc6\jorbis-0.0.17.jar;C:\Users\Siebe\.gradle\caches\modules-2\files-2.1\com.badlogicgames.gdx\gdx-jnigen-loader\2.5.2\f35e90affe07c46b4f5e5958a1a4c1820c4890e2\gdx-jnigen-loader-2.5.2.jar
Launcher Type: SUN_STANDARD

[Global flags]
     intx CICompilerCount                          = 4                                         {product} {ergonomic}
     uint ConcGCThreads                            = 3                                         {product} {ergonomic}
     uint G1ConcRefinementThreads                  = 10                                        {product} {ergonomic}
   size_t G1HeapRegionSize                         = 2097152                                   {product} {ergonomic}
    uintx GCDrainStackTargetSize                   = 64                                        {product} {ergonomic}
   size_t InitialHeapSize                          = 268435456                                 {product} {ergonomic}
   size_t MarkStackSize                            = 4194304                                   {product} {ergonomic}
   size_t MaxHeapSize                              = 4276092928                                {product} {ergonomic}
   size_t MaxNewSize                               = 2564816896                                {product} {ergonomic}
   size_t MinHeapDeltaBytes                        = 2097152                                   {product} {ergonomic}
   size_t MinHeapSize                              = 8388608                                   {product} {ergonomic}
    uintx NonNMethodCodeHeapSize                   = 5839372                                {pd product} {ergonomic}
    uintx NonProfiledCodeHeapSize                  = 122909434                              {pd product} {ergonomic}
    uintx ProfiledCodeHeapSize                     = 122909434                              {pd product} {ergonomic}
    uintx ReservedCodeCacheSize                    = 251658240                              {pd product} {ergonomic}
     bool SegmentedCodeCache                       = true                                      {product} {ergonomic}
   size_t SoftMaxHeapSize                          = 4276092928                             {manageable} {ergonomic}
     bool UseCompressedOops                        = true                           {product lp64_product} {ergonomic}
     bool UseG1GC                                  = true                                      {product} {ergonomic}
     bool UseLargePagesIndividualAllocation        = false                                  {pd product} {ergonomic}

Logging:
Log output configuration:
 #0: stdout all=warning uptime,level,tags foldmultilines=false
 #1: stderr all=off uptime,level,tags foldmultilines=false

Environment Variables:
PATH=C:\Program Files\Eclipse Adoptium\jdk-21.0.5.11-hotspot\bin;C:\Program Files\Common Files\Oracle\Java\javapath;C:\WINDOWS\system32;C:\WINDOWS;C:\WINDOWS\System32\Wbem;C:\WINDOWS\System32\WindowsPowerShell\v1.0\;C:\WINDOWS\System32\OpenSSH\;C:\Program Files\dotnet\;C:\Program Files\NVIDIA Corporation\NVIDIA NvDLISR;C:\Program Files (x86)\NVIDIA Corporation\PhysX\Common;C:\Program Files\Git\cmd;C:\Users\Siebe\AppData\Local\Microsoft\WindowsApps;C:\Users\Siebe\AppData\Local\Programs\Microsoft VS Code\bin
USERNAME=Siebe
OS=Windows_NT
PROCESSOR_IDENTIFIER=AMD64 Family 23 Model 8 Stepping 2, AuthenticAMD
TMP=C:\Users\Siebe\AppData\Local\Temp
TEMP=C:\Users\Siebe\AppData\Local\Temp




Periodic native trim disabled

---------------  S Y S T E M  ---------------

OS:
 Windows 11 , 64 bit Build 26100 (10.0.26100.2454)
OS uptime: 0 days 12:24 hours

CPU: total 12 (initial active 12) (12 cores per cpu, 2 threads per core) family 23 model 8 stepping 2 microcode 0x800820d, cx8, cmov, fxsr, ht, mmx, 3dnowpref, sse, sse2, sse3, ssse3, sse4a, sse4.1, sse4.2, popcnt, lzcnt, tsc, tscinvbit, avx, avx2, aes, clmul, bmi1, bmi2, adx, sha, fma, vzeroupper, clflush, clflushopt, rdtscp, f16c
Processor Information for all 12 processors :
  Max Mhz: 3400, Current Mhz: 3400, Mhz Limit: 3400

Memory: 4k page, system-wide physical 16306M (4136M free)
TotalPageFile size 32613M (AvailPageFile size 12791M)
current process WorkingSet (physical memory assigned to process): 289M, peak: 294M
current process commit charge ("private bytes"): 1226M, peak: 1236M

vm_info: OpenJDK 64-Bit Server VM (21.0.5+11-LTS) for windows-amd64 JRE (21.0.5+11-LTS), built on 2024-10-15T00:00:00Z by "admin" with MS VC++ 17.7 (VS2022)

END.
